0,2.968750e-01,
1,2.343750e-01,
2,2.343750e-01,
3,1.875000e-01,
4,1.875000e-01,
5,1.250000e-01,
6,1.406250e-01,
7,9.375000e-02,
8,1.093750e-01,
9,6.250000e-02,
10,7.812500e-02,
11,3.125000e-02,
12,4.687500e-02,
13,1.562500e-02,
14,3.125000e-02,
15,-1.562500e-02,
16,0.000000e+00,
17,-3.125000e-02,
18,-1.562500e-02,
19,-6.250000e-02,
20,-4.687500e-02,
21,-9.375000e-02,
22,-7.812500e-02,
23,-1.406250e-01,
24,-1.250000e-01,
25,-1.875000e-01,
26,-1.718750e-01,
27,-2.343750e-01,
28,-2.187500e-01,
29,-2.812500e-01,
30,-2.656250e-01,
31,-3.437500e-01,
32,-3.281250e-01,
33,-3.906250e-01,
34,-3.750000e-01,
35,-4.375000e-01,
36,-4.218750e-01,
37,-4.843750e-01,
38,-4.687500e-01,
39,-5.312500e-01,
40,-5.156250e-01,
41,-5.781250e-01,
42,-5.625000e-01,
43,-6.093750e-01,
44,-5.937500e-01,
45,-6.406250e-01,
46,-6.250000e-01,
47,-6.718750e-01,
48,-6.718750e-01,
49,-7.187500e-01,
50,-6.875000e-01,
51,-7.343750e-01,
52,-7.187500e-01,
53,-7.656250e-01,
54,-7.500000e-01,
55,-7.812500e-01,
56,-7.656250e-01,
57,-7.968750e-01,
58,-7.812500e-01,
59,-8.125000e-01,
60,-7.812500e-01,
61,-8.125000e-01,
62,-8.125000e-01,
63,-7.968750e-01,
64,-8.125000e-01,
65,-7.968750e-01,
66,-8.125000e-01,
67,-7.812500e-01,
68,-8.125000e-01,
69,-7.656250e-01,
70,-7.968750e-01,
71,-7.656250e-01,
72,-7.812500e-01,
73,-7.343750e-01,
74,-7.656250e-01,
75,-7.187500e-01,
76,-7.343750e-01,
77,-6.875000e-01,
78,-7.187500e-01,
79,-6.718750e-01,
80,-6.875000e-01,
81,-6.250000e-01,
82,-6.406250e-01,
83,-5.937500e-01,
84,-5.937500e-01,
85,-5.468750e-01,
86,-5.625000e-01,
87,-5.156250e-01,
88,-5.156250e-01,
89,-4.531250e-01,
90,-4.687500e-01,
91,-4.218750e-01,
92,-4.375000e-01,
93,-3.593750e-01,
94,-3.750000e-01,
95,-3.125000e-01,
96,-3.281250e-01,
97,-2.656250e-01,
98,-2.812500e-01,
99,-2.187500e-01,
100,-2.343750e-01,
101,-1.562500e-01,
102,-1.875000e-01,
103,-1.250000e-01,
104,-1.250000e-01,
105,-7.812500e-02,
106,-9.375000e-02,
107,-4.687500e-02,
108,-6.250000e-02,
109,-1.562500e-02,
110,-3.125000e-02,
111,1.562500e-02,
112,0.000000e+00,
113,3.125000e-02,
114,1.562500e-02,
115,4.687500e-02,
116,3.125000e-02,
117,7.812500e-02,
118,6.250000e-02,
119,1.093750e-01,
120,9.375000e-02,
121,1.562500e-01,
122,1.250000e-01,
123,1.875000e-01,
124,1.718750e-01,
125,2.343750e-01,
126,2.187500e-01,
127,2.812500e-01,
128,2.656250e-01,
129,3.437500e-01,
130,3.281250e-01,
131,3.906250e-01,
132,3.750000e-01,
133,4.375000e-01,
134,4.218750e-01,
135,4.843750e-01,
136,4.687500e-01,
137,5.468750e-01,
138,5.156250e-01,
139,5.781250e-01,
140,5.625000e-01,
141,6.250000e-01,
142,6.093750e-01,
143,6.562500e-01,
144,6.406250e-01,
145,6.875000e-01,
146,6.718750e-01,
147,7.343750e-01,
148,7.187500e-01,
149,7.656250e-01,
150,7.343750e-01,
151,7.812500e-01,
152,7.656250e-01,
153,8.125000e-01,
154,7.968750e-01,
155,8.281250e-01,
156,8.125000e-01,
157,8.437500e-01,
158,8.281250e-01,
159,8.593750e-01,
160,8.593750e-01,
161,8.281250e-01,
162,8.437500e-01,
163,8.750000e-01,
164,8.593750e-01,
165,8.437500e-01,
166,8.593750e-01,
167,8.281250e-01,
168,8.281250e-01,
169,8.593750e-01,
170,8.437500e-01,
171,8.125000e-01,
172,8.281250e-01,
173,7.968750e-01,
174,8.125000e-01,
175,7.656250e-01,
176,7.812500e-01,
177,7.500000e-01,
178,7.656250e-01,
179,7.187500e-01,
180,7.343750e-01,
181,6.718750e-01,
182,6.875000e-01,
183,6.406250e-01,
184,6.562500e-01,
185,6.093750e-01,
186,6.250000e-01,
187,5.625000e-01,
188,5.781250e-01,
189,5.156250e-01,
190,5.312500e-01,
191,4.687500e-01,
192,4.843750e-01,
193,4.218750e-01,
194,4.375000e-01,
195,3.750000e-01,
196,3.906250e-01,
197,3.281250e-01,
198,3.437500e-01,
199,2.656250e-01,
200,2.812500e-01,
201,2.187500e-01,
202,2.343750e-01,
203,1.718750e-01,
204,1.875000e-01,
205,1.250000e-01,
206,1.406250e-01,
207,9.375000e-02,
208,1.093750e-01,
209,6.250000e-02,
210,7.812500e-02,
211,4.687500e-02,
212,4.687500e-02,
213,1.562500e-02,
214,3.125000e-02,
215,-1.562500e-02,
216,1.562500e-02,
217,-3.125000e-02,
218,-1.562500e-02,
219,-6.250000e-02,
220,-4.687500e-02,
221,-9.375000e-02,
222,-9.375000e-02,
223,-1.406250e-01,
224,-1.250000e-01,
225,-1.875000e-01,
226,-1.718750e-01,
227,-2.343750e-01,
228,-2.187500e-01,
229,-2.812500e-01,
230,-2.812500e-01,
231,-3.437500e-01,
232,-3.281250e-01,
233,-3.906250e-01,
234,-3.750000e-01,
235,-4.375000e-01,
236,-4.218750e-01,
237,-4.843750e-01,
238,-4.531250e-01,
239,-5.312500e-01,
240,-5.156250e-01,
241,-5.781250e-01,
242,-5.625000e-01,
243,-6.093750e-01,
244,-5.937500e-01,
245,-6.406250e-01,
246,-6.250000e-01,
247,-6.875000e-01,
248,-6.718750e-01,
249,-7.187500e-01,
250,-6.875000e-01,
251,-7.343750e-01,
252,-7.187500e-01,
253,-7.656250e-01,
254,-7.500000e-01,
255,-7.812500e-01,
256,-7.656250e-01,
257,-7.968750e-01,
258,-7.812500e-01,
259,-8.125000e-01,
260,-7.812500e-01,
261,-8.281250e-01,
262,-7.968750e-01,
263,-8.281250e-01,
264,-8.281250e-01,
265,-7.968750e-01,
266,-8.125000e-01,
267,-7.812500e-01,
268,-8.125000e-01,
269,-7.812500e-01,
270,-7.968750e-01,
271,-7.500000e-01,
272,-7.812500e-01,
273,-7.500000e-01,
274,-7.500000e-01,
275,-7.343750e-01,
276,-7.343750e-01,
277,-7.031250e-01,
278,-7.187500e-01,
279,-6.718750e-01,
280,-6.875000e-01,
281,-6.250000e-01,
282,-6.562500e-01,
283,-5.937500e-01,
284,-5.937500e-01,
285,-5.468750e-01,
286,-5.625000e-01,
287,-5.000000e-01,
288,-5.156250e-01,
289,-4.531250e-01,
290,-4.687500e-01,
291,-4.218750e-01,
292,-4.375000e-01,
293,-3.750000e-01,
294,-3.750000e-01,
295,-3.281250e-01,
296,-3.437500e-01,
297,-2.656250e-01,
298,-2.812500e-01,
299,-2.187500e-01,
300,-2.343750e-01,
301,-1.718750e-01,
302,-1.875000e-01,
303,-1.250000e-01,
304,-1.406250e-01,
305,-7.812500e-02,
306,-9.375000e-02,
307,-4.687500e-02,
308,-6.250000e-02,
309,-1.562500e-02,
310,-3.125000e-02,
311,1.562500e-02,
312,-1.562500e-02,
313,3.125000e-02,
314,1.562500e-02,
315,4.687500e-02,
316,3.125000e-02,
317,7.812500e-02,
318,6.250000e-02,
319,1.093750e-01,
320,9.375000e-02,
321,1.406250e-01,
322,1.250000e-01,
323,1.875000e-01,
324,1.718750e-01,
325,2.343750e-01,
326,2.187500e-01,
327,2.812500e-01,
328,2.656250e-01,
329,3.437500e-01,
330,3.281250e-01,
331,3.906250e-01,
332,3.750000e-01,
333,4.375000e-01,
334,4.218750e-01,
335,5.000000e-01,
336,4.687500e-01,
337,5.312500e-01,
338,5.156250e-01,
339,5.781250e-01,
340,5.625000e-01,
341,6.093750e-01,
342,5.937500e-01,
343,6.562500e-01,
344,6.406250e-01,
345,6.875000e-01,
346,6.718750e-01,
347,7.343750e-01,
348,7.187500e-01,
349,7.656250e-01,
350,7.343750e-01,
351,7.812500e-01,
352,7.656250e-01,
353,8.125000e-01,
354,7.968750e-01,
355,8.281250e-01,
356,8.125000e-01,
357,8.437500e-01,
358,8.281250e-01,
359,8.593750e-01,
360,8.437500e-01,
361,8.593750e-01,
362,8.593750e-01,
363,8.437500e-01,
364,8.593750e-01,
365,8.437500e-01,
366,8.750000e-01,
367,8.281250e-01,
368,8.593750e-01,
369,8.281250e-01,
370,8.437500e-01,
371,8.125000e-01,
372,8.281250e-01,
373,7.968750e-01,
374,8.125000e-01,
375,7.656250e-01,
376,7.968750e-01,
377,7.343750e-01,
378,7.500000e-01,
379,7.031250e-01,
380,7.343750e-01,
381,6.718750e-01,
382,6.875000e-01,
383,6.406250e-01,
384,6.562500e-01,
385,5.937500e-01,
386,6.250000e-01,
387,5.625000e-01,
388,5.781250e-01,
389,5.156250e-01,
390,5.312500e-01,
391,4.687500e-01,
392,4.843750e-01,
393,4.218750e-01,
394,4.375000e-01,
395,3.750000e-01,
396,3.906250e-01,
397,3.281250e-01,
398,3.437500e-01,
399,2.656250e-01,
400,2.812500e-01,
401,2.187500e-01,
402,2.343750e-01,
403,1.718750e-01,
404,1.875000e-01,
405,1.250000e-01,
406,1.406250e-01,
407,9.375000e-02,
408,1.093750e-01,
409,6.250000e-02,
410,7.812500e-02,
411,4.687500e-02,
412,4.687500e-02,
413,1.562500e-02,
414,3.125000e-02,
415,-1.562500e-02,
416,0.000000e+00,
417,-3.125000e-02,
418,-1.562500e-02,
419,-6.250000e-02,
420,-4.687500e-02,
421,-9.375000e-02,
422,-7.812500e-02,
423,-1.406250e-01,
424,-1.250000e-01,
425,-1.875000e-01,
426,-1.718750e-01,
427,-2.343750e-01,
428,-2.187500e-01,
429,-2.812500e-01,
430,-2.812500e-01,
431,-3.437500e-01,
432,-3.281250e-01,
433,-3.906250e-01,
434,-3.750000e-01,
435,-4.375000e-01,
436,-4.218750e-01,
437,-4.843750e-01,
438,-4.687500e-01,
439,-5.312500e-01,
440,-5.156250e-01,
441,-5.625000e-01,
442,-5.468750e-01,
443,-6.093750e-01,
444,-5.937500e-01,
445,-6.562500e-01,
446,-6.250000e-01,
447,-6.875000e-01,
448,-6.718750e-01,
449,-7.187500e-01,
450,-7.031250e-01,
451,-7.343750e-01,
452,-7.187500e-01,
453,-7.656250e-01,
454,-7.500000e-01,
455,-7.812500e-01,
456,-7.656250e-01,
457,-7.968750e-01,
458,-7.812500e-01,
459,-8.125000e-01,
460,-7.968750e-01,
461,-8.125000e-01,
462,-8.125000e-01,
463,-7.968750e-01,
464,-7.968750e-01,
465,-8.125000e-01,
466,-8.125000e-01,
467,-7.812500e-01,
468,-8.125000e-01,
469,-7.812500e-01,
470,-7.968750e-01,
471,-7.656250e-01,
472,-7.812500e-01,
473,-7.500000e-01,
474,-7.656250e-01,
475,-7.187500e-01,
476,-7.343750e-01,
477,-7.031250e-01,
478,-7.031250e-01,
479,-6.718750e-01,
480,-6.875000e-01,
481,-6.406250e-01,
482,-6.562500e-01,
483,-5.937500e-01,
484,-6.093750e-01,
485,-5.468750e-01,
486,-5.781250e-01,
487,-5.000000e-01,
488,-5.312500e-01,
489,-4.531250e-01,
490,-4.843750e-01,
491,-4.218750e-01,
492,-4.375000e-01,
493,-3.750000e-01,
494,-3.750000e-01,
495,-3.125000e-01,
496,-3.437500e-01,
497,-2.656250e-01,
498,-2.812500e-01,
499,-2.187500e-01,
500,-2.343750e-01,
501,-1.718750e-01,
502,-1.875000e-01,
503,-1.250000e-01,
504,-1.406250e-01,
505,-7.812500e-02,
506,-9.375000e-02,
507,-4.687500e-02,
508,-6.250000e-02,
509,-1.562500e-02,
510,-3.125000e-02,
511,1.562500e-02,
512,0.000000e+00,
513,3.125000e-02,
514,1.562500e-02,
515,4.687500e-02,
516,3.125000e-02,
517,7.812500e-02,
518,6.250000e-02,
519,1.093750e-01,
520,9.375000e-02,
521,1.406250e-01,
522,1.250000e-01,
523,2.031250e-01,
524,1.875000e-01,
525,2.343750e-01,
526,2.187500e-01,
527,2.812500e-01,
528,2.656250e-01,
529,3.437500e-01,
530,3.281250e-01,
531,3.906250e-01,
532,3.750000e-01,
533,4.375000e-01,
534,4.218750e-01,
535,4.843750e-01,
536,4.687500e-01,
537,5.312500e-01,
538,5.156250e-01,
539,5.781250e-01,
540,5.625000e-01,
541,6.093750e-01,
542,6.093750e-01,
543,6.562500e-01,
544,6.406250e-01,
545,6.875000e-01,
546,6.718750e-01,
547,7.343750e-01,
548,7.187500e-01,
549,7.656250e-01,
550,7.343750e-01,
551,7.968750e-01,
552,7.656250e-01,
553,8.125000e-01,
554,7.968750e-01,
555,8.281250e-01,
556,8.125000e-01,
557,8.437500e-01,
558,8.281250e-01,
559,8.593750e-01,
560,8.437500e-01,
561,8.593750e-01,
562,8.437500e-01,
563,8.750000e-01,
564,8.437500e-01,
565,8.750000e-01,
566,8.437500e-01,
567,8.750000e-01,
568,8.593750e-01,
569,8.281250e-01,
570,8.437500e-01,
571,8.125000e-01,
572,8.281250e-01,
573,7.968750e-01,
574,8.125000e-01,
575,7.656250e-01,
576,7.812500e-01,
577,7.500000e-01,
578,7.656250e-01,
579,7.187500e-01,
580,7.343750e-01,
581,6.718750e-01,
582,6.875000e-01,
583,6.406250e-01,
584,6.562500e-01,
585,6.093750e-01,
586,6.250000e-01,
587,5.625000e-01,
588,5.781250e-01,
589,5.156250e-01,
590,5.312500e-01,
591,4.843750e-01,
592,4.843750e-01,
593,4.218750e-01,
594,4.375000e-01,
595,3.750000e-01,
596,3.906250e-01,
597,3.281250e-01,
598,3.437500e-01,
599,2.656250e-01,
600,2.968750e-01,
601,2.187500e-01,
602,2.343750e-01,
603,1.718750e-01,
604,1.875000e-01,
605,1.250000e-01,
606,1.406250e-01,
607,9.375000e-02,
608,1.093750e-01,
609,6.250000e-02,
610,7.812500e-02,
611,3.125000e-02,
612,4.687500e-02,
613,1.562500e-02,
614,3.125000e-02,
615,0.000000e+00,
616,1.562500e-02,
617,-3.125000e-02,
618,-1.562500e-02,
619,-6.250000e-02,
620,-4.687500e-02,
621,-9.375000e-02,
622,-7.812500e-02,
623,-1.406250e-01,
624,-1.250000e-01,
625,-1.875000e-01,
626,-1.718750e-01,
627,-2.343750e-01,
628,-2.187500e-01,
629,-2.812500e-01,
630,-2.812500e-01,
631,-3.437500e-01,
632,-3.281250e-01,
633,-3.906250e-01,
634,-3.750000e-01,
635,-4.375000e-01,
636,-4.218750e-01,
637,-4.843750e-01,
638,-4.687500e-01,
639,-5.312500e-01,
640,-5.156250e-01,
641,-5.781250e-01,
642,-5.625000e-01,
643,-6.093750e-01,
644,-5.937500e-01,
645,-6.562500e-01,
646,-6.406250e-01,
647,-6.875000e-01,
648,-6.718750e-01,
649,-7.187500e-01,
650,-7.031250e-01,
651,-7.343750e-01,
652,-7.343750e-01,
653,-7.656250e-01,
654,-7.500000e-01,
655,-7.812500e-01,
656,-7.656250e-01,
657,-7.968750e-01,
658,-7.812500e-01,
659,-8.125000e-01,
660,-8.125000e-01,
661,-7.812500e-01,
662,-8.125000e-01,
663,-7.968750e-01,
664,-7.968750e-01,
665,-8.281250e-01,
666,-7.968750e-01,
667,-8.125000e-01,
668,-8.125000e-01,
669,-7.812500e-01,
670,-7.968750e-01,
671,-7.656250e-01,
672,-7.812500e-01,
673,-7.500000e-01,
674,-7.656250e-01,
675,-7.187500e-01,
676,-7.343750e-01,
677,-6.875000e-01,
678,-7.187500e-01,
679,-6.718750e-01,
680,-6.875000e-01,
681,-6.250000e-01,
682,-6.562500e-01,
683,-5.937500e-01,
684,-6.093750e-01,
685,-5.468750e-01,
686,-5.625000e-01,
687,-5.156250e-01,
688,-5.156250e-01,
689,-4.687500e-01,
690,-4.843750e-01,
691,-4.218750e-01,
692,-4.218750e-01,
693,-3.750000e-01,
694,-3.906250e-01,
695,-3.281250e-01,
696,-3.437500e-01,
697,-2.656250e-01,
698,-2.812500e-01,
699,-2.187500e-01,
700,-2.343750e-01,
701,-1.718750e-01,
702,-1.875000e-01,
703,-1.250000e-01,
704,-1.406250e-01,
705,-7.812500e-02,
706,-9.375000e-02,
707,-4.687500e-02,
708,-6.250000e-02,
709,-1.562500e-02,
710,-3.125000e-02,
711,1.562500e-02,
712,0.000000e+00,
713,3.125000e-02,
714,1.562500e-02,
715,4.687500e-02,
716,4.687500e-02,
717,7.812500e-02,
718,6.250000e-02,
719,1.093750e-01,
720,9.375000e-02,
721,1.406250e-01,
722,1.250000e-01,
723,1.875000e-01,
724,1.718750e-01,
725,2.500000e-01,
726,2.187500e-01,
727,2.968750e-01,
728,2.812500e-01,
729,3.437500e-01,
730,3.281250e-01,
731,3.906250e-01,
732,3.750000e-01,
733,4.375000e-01,
734,4.218750e-01,
735,4.843750e-01,
736,4.843750e-01,
737,5.312500e-01,
738,5.156250e-01,
739,5.781250e-01,
740,5.625000e-01,
741,6.250000e-01,
742,6.093750e-01,
743,6.562500e-01,
744,6.406250e-01,
745,7.031250e-01,
746,6.718750e-01,
747,7.343750e-01,
748,7.187500e-01,
749,7.500000e-01,
750,7.343750e-01,
751,7.812500e-01,
752,7.656250e-01,
753,8.125000e-01,
754,7.968750e-01,
755,8.281250e-01,
756,8.125000e-01,
757,8.437500e-01,
758,8.281250e-01,
759,8.593750e-01,
760,8.593750e-01,
761,8.281250e-01,
762,8.437500e-01,
763,8.750000e-01,
764,8.750000e-01,
765,8.437500e-01,
766,8.593750e-01,
767,8.281250e-01,
768,8.437500e-01,
769,8.281250e-01,
770,8.437500e-01,
771,8.125000e-01,
772,8.281250e-01,
773,7.968750e-01,
774,8.125000e-01,
775,7.656250e-01,
776,7.812500e-01,
777,7.500000e-01,
778,7.656250e-01,
779,7.187500e-01,
780,7.343750e-01,
781,6.718750e-01,
782,6.875000e-01,
783,6.406250e-01,
784,6.562500e-01,
785,5.937500e-01,
786,6.093750e-01,
787,5.625000e-01,
788,5.781250e-01,
789,5.156250e-01,
790,5.312500e-01,
791,4.687500e-01,
792,4.843750e-01,
793,4.218750e-01,
794,4.375000e-01,
795,3.750000e-01,
796,3.906250e-01,
797,3.281250e-01,
798,3.437500e-01,
799,2.656250e-01,
800,2.812500e-01,
801,2.187500e-01,
802,2.343750e-01,
803,1.718750e-01,
804,1.875000e-01,
805,1.250000e-01,
806,1.406250e-01,
807,9.375000e-02,
808,1.093750e-01,
809,6.250000e-02,
810,7.812500e-02,
811,3.125000e-02,
812,4.687500e-02,
813,1.562500e-02,
814,3.125000e-02,
815,-1.562500e-02,
816,1.562500e-02,
817,-3.125000e-02,
818,-1.562500e-02,
819,-6.250000e-02,
820,-4.687500e-02,
821,-9.375000e-02,
822,-7.812500e-02,
823,-1.406250e-01,
824,-1.250000e-01,
825,-1.875000e-01,
826,-1.718750e-01,
827,-2.500000e-01,
828,-2.187500e-01,
829,-2.812500e-01,
830,-2.812500e-01,
831,-3.437500e-01,
832,-3.281250e-01,
833,-3.906250e-01,
834,-3.750000e-01,
835,-4.375000e-01,
836,-4.218750e-01,
837,-4.687500e-01,
838,-4.531250e-01,
839,-5.156250e-01,
840,-5.000000e-01,
841,-5.625000e-01,
842,-5.468750e-01,
843,-6.093750e-01,
844,-5.937500e-01,
845,-6.562500e-01,
846,-6.250000e-01,
847,-6.875000e-01,
848,-6.718750e-01,
849,-7.187500e-01,
850,-7.031250e-01,
851,-7.343750e-01,
852,-7.187500e-01,
853,-7.500000e-01,
854,-7.500000e-01,
855,-7.812500e-01,
856,-7.656250e-01,
857,-7.968750e-01,
858,-7.812500e-01,
859,-8.125000e-01,
860,-8.125000e-01,
861,-7.812500e-01,
862,-7.968750e-01,
863,-8.281250e-01,
864,-8.125000e-01,
865,-7.968750e-01,
866,-7.968750e-01,
867,-8.125000e-01,
868,-8.125000e-01,
869,-7.812500e-01,
870,-7.968750e-01,
871,-7.656250e-01,
872,-7.812500e-01,
873,-7.500000e-01,
874,-7.656250e-01,
875,-7.187500e-01,
876,-7.343750e-01,
877,-7.031250e-01,
878,-7.187500e-01,
879,-6.718750e-01,
880,-6.875000e-01,
881,-6.406250e-01,
882,-6.562500e-01,
883,-5.937500e-01,
884,-6.093750e-01,
885,-5.625000e-01,
886,-5.625000e-01,
887,-5.156250e-01,
888,-5.156250e-01,
889,-4.687500e-01,
890,-4.843750e-01,
891,-4.218750e-01,
892,-4.375000e-01,
893,-3.750000e-01,
894,-3.906250e-01,
895,-3.281250e-01,
896,-3.437500e-01,
897,-2.656250e-01,
898,-2.812500e-01,
899,-2.187500e-01,
900,-2.343750e-01,
901,-1.718750e-01,
902,-1.875000e-01,
903,-1.250000e-01,
904,-1.406250e-01,
905,-7.812500e-02,
906,-9.375000e-02,
907,-4.687500e-02,
908,-6.250000e-02,
909,-3.125000e-02,
910,-4.687500e-02,
911,1.562500e-02,
912,-1.562500e-02,
913,3.125000e-02,
914,1.562500e-02,
915,4.687500e-02,
916,3.125000e-02,
917,7.812500e-02,
918,6.250000e-02,
919,1.093750e-01,
920,9.375000e-02,
921,1.406250e-01,
922,1.250000e-01,
923,1.875000e-01,
924,1.718750e-01,
925,2.343750e-01,
926,2.187500e-01,
927,2.968750e-01,
928,2.656250e-01,
929,3.437500e-01,
930,3.281250e-01,
931,3.906250e-01,
932,3.750000e-01,
933,4.375000e-01,
934,4.218750e-01,
935,4.843750e-01,
936,4.687500e-01,
937,5.312500e-01,
938,5.156250e-01,
939,5.781250e-01,
940,5.625000e-01,
941,6.093750e-01,
942,5.937500e-01,
943,6.562500e-01,
944,6.406250e-01,
945,6.875000e-01,
946,6.718750e-01,
947,7.187500e-01,
948,7.187500e-01,
949,7.656250e-01,
950,7.343750e-01,
951,7.812500e-01,
952,7.656250e-01,
953,8.125000e-01,
954,7.968750e-01,
955,8.281250e-01,
956,8.125000e-01,
957,8.437500e-01,
958,8.281250e-01,
959,8.593750e-01,
960,8.437500e-01,
961,8.593750e-01,
962,8.437500e-01,
963,8.593750e-01,
964,8.437500e-01,
965,8.750000e-01,
966,8.593750e-01,
967,8.437500e-01,
968,8.593750e-01,
969,8.281250e-01,
970,8.437500e-01,
971,8.125000e-01,
972,8.281250e-01,
973,7.968750e-01,
974,8.125000e-01,
975,7.656250e-01,
976,7.968750e-01,
977,7.500000e-01,
978,7.656250e-01,
979,7.187500e-01,
980,7.343750e-01,
981,6.875000e-01,
982,6.875000e-01,
983,6.406250e-01,
984,6.562500e-01,
985,6.093750e-01,
986,6.250000e-01,
987,5.625000e-01,
988,5.781250e-01,
989,5.156250e-01,
990,5.312500e-01,
991,4.843750e-01,
992,5.000000e-01,
993,4.218750e-01,
994,4.375000e-01,
995,3.750000e-01,
996,3.906250e-01,
997,3.281250e-01,
998,3.437500e-01,
999,2.656250e-01,
1000,2.812500e-01,
1001,2.187500e-01,
1002,2.500000e-01,
1003,1.718750e-01,
1004,1.875000e-01,
1005,1.250000e-01,
1006,1.406250e-01,
1007,9.375000e-02,
1008,1.093750e-01,
1009,6.250000e-02,
1010,7.812500e-02,
1011,3.125000e-02,
1012,4.687500e-02,
1013,1.562500e-02,
1014,3.125000e-02,
1015,-1.562500e-02,
1016,0.000000e+00,
1017,-3.125000e-02,
1018,-1.562500e-02,
1019,-6.250000e-02,
1020,-4.687500e-02,
1021,-9.375000e-02,
1022,-7.812500e-02,
1023,-1.406250e-01,
1024,-1.250000e-01,
1025,-1.875000e-01,
1026,-1.718750e-01,
1027,-2.343750e-01,
1028,-2.187500e-01,
1029,-2.812500e-01,
1030,-2.812500e-01,
1031,-3.437500e-01,
1032,-3.281250e-01,
1033,-3.906250e-01,
1034,-3.750000e-01,
1035,-4.375000e-01,
1036,-4.218750e-01,
1037,-4.843750e-01,
1038,-4.687500e-01,
1039,-5.156250e-01,
1040,-5.156250e-01,
1041,-5.625000e-01,
1042,-5.468750e-01,
1043,-6.093750e-01,
1044,-5.937500e-01,
1045,-6.406250e-01,
1046,-6.250000e-01,
1047,-6.875000e-01,
1048,-6.718750e-01,
1049,-7.187500e-01,
1050,-7.031250e-01,
1051,-7.343750e-01,
1052,-7.187500e-01,
1053,-7.656250e-01,
1054,-7.500000e-01,
1055,-7.812500e-01,
1056,-7.656250e-01,
1057,-7.968750e-01,
1058,-7.812500e-01,
1059,-8.125000e-01,
1060,-7.968750e-01,
1061,-8.125000e-01,
1062,-7.968750e-01,
1063,-8.281250e-01,
1064,-8.125000e-01,
1065,-7.968750e-01,
1066,-8.125000e-01,
1067,-7.812500e-01,
1068,-8.125000e-01,
1069,-7.812500e-01,
1070,-7.968750e-01,
1071,-7.656250e-01,
1072,-7.812500e-01,
1073,-7.500000e-01,
1074,-7.656250e-01,
1075,-7.187500e-01,
1076,-7.343750e-01,
1077,-7.031250e-01,
1078,-7.031250e-01,
1079,-6.562500e-01,
1080,-6.718750e-01,
1081,-6.250000e-01,
1082,-6.406250e-01,
1083,-5.937500e-01,
1084,-6.093750e-01,
1085,-5.468750e-01,
1086,-5.625000e-01,
1087,-5.000000e-01,
1088,-5.156250e-01,
1089,-4.531250e-01,
1090,-4.687500e-01,
1091,-4.062500e-01,
1092,-4.218750e-01,
1093,-3.750000e-01,
1094,-3.906250e-01,
1095,-3.125000e-01,
1096,-3.437500e-01,
1097,-2.656250e-01,
1098,-2.812500e-01,
1099,-2.187500e-01,
1100,-2.343750e-01,
1101,-1.718750e-01,
1102,-1.875000e-01,
1103,-1.250000e-01,
1104,-1.250000e-01,
1105,-7.812500e-02,
1106,-9.375000e-02,
1107,-4.687500e-02,
1108,-6.250000e-02,
1109,-1.562500e-02,
1110,-3.125000e-02,
1111,1.562500e-02,
1112,0.000000e+00,
1113,3.125000e-02,
1114,1.562500e-02,
1115,6.250000e-02,
1116,4.687500e-02,
1117,7.812500e-02,
1118,6.250000e-02,
1119,1.093750e-01,
1120,9.375000e-02,
1121,1.562500e-01,
1122,1.250000e-01,
1123,1.875000e-01,
1124,1.718750e-01,
1125,2.343750e-01,
1126,2.187500e-01,
1127,2.812500e-01,
1128,2.812500e-01,
1129,3.437500e-01,
1130,3.281250e-01,
1131,3.906250e-01,
1132,3.750000e-01,
1133,4.375000e-01,
1134,4.218750e-01,
1135,5.000000e-01,
1136,4.843750e-01,
1137,5.312500e-01,
1138,5.156250e-01,
1139,5.781250e-01,
1140,5.625000e-01,
1141,6.250000e-01,
1142,5.937500e-01,
1143,6.562500e-01,
1144,6.406250e-01,
1145,7.031250e-01,
1146,6.718750e-01,
1147,7.343750e-01,
1148,7.187500e-01,
1149,7.656250e-01,
1150,7.343750e-01,
1151,7.968750e-01,
1152,7.656250e-01,
1153,8.125000e-01,
1154,7.968750e-01,
1155,8.281250e-01,
1156,8.125000e-01,
1157,8.437500e-01,
1158,8.281250e-01,
1159,8.593750e-01,
1160,8.281250e-01,
1161,8.750000e-01,
1162,8.593750e-01,
1163,8.437500e-01,
1164,8.437500e-01,
1165,8.750000e-01,
1166,8.593750e-01,
1167,8.437500e-01,
1168,8.593750e-01,
1169,8.281250e-01,
1170,8.437500e-01,
1171,8.125000e-01,
1172,8.281250e-01,
1173,7.968750e-01,
1174,8.125000e-01,
1175,7.656250e-01,
1176,7.968750e-01,
1177,7.343750e-01,
1178,7.656250e-01,
1179,7.187500e-01,
1180,7.343750e-01,
1181,6.718750e-01,
1182,7.031250e-01,
1183,6.406250e-01,
1184,6.562500e-01,
1185,5.937500e-01,
1186,6.250000e-01,
1187,5.625000e-01,
1188,5.781250e-01,
1189,5.156250e-01,
1190,5.312500e-01,
1191,4.843750e-01,
1192,4.843750e-01,
1193,4.218750e-01,
1194,4.375000e-01,
1195,3.750000e-01,
1196,3.906250e-01,
1197,3.281250e-01,
1198,3.437500e-01,
1199,2.656250e-01,
1200,2.812500e-01,
1201,2.187500e-01,
1202,2.343750e-01,
1203,1.718750e-01,
1204,1.875000e-01,
1205,1.250000e-01,
1206,1.406250e-01,
1207,9.375000e-02,
1208,1.093750e-01,
1209,4.687500e-02,
1210,7.812500e-02,
1211,3.125000e-02,
1212,4.687500e-02,
1213,1.562500e-02,
1214,3.125000e-02,
1215,-1.562500e-02,
1216,0.000000e+00,
1217,-3.125000e-02,
1218,-1.562500e-02,
1219,-6.250000e-02,
1220,-4.687500e-02,
1221,-1.093750e-01,
1222,-7.812500e-02,
1223,-1.406250e-01,
1224,-1.250000e-01,
1225,-1.875000e-01,
1226,-1.718750e-01,
1227,-2.343750e-01,
1228,-2.187500e-01,
1229,-2.812500e-01,
1230,-2.812500e-01,
1231,-3.437500e-01,
1232,-3.281250e-01,
1233,-3.906250e-01,
1234,-3.750000e-01,
1235,-4.375000e-01,
1236,-4.218750e-01,
1237,-4.843750e-01,
1238,-4.687500e-01,
1239,-5.312500e-01,
1240,-5.156250e-01,
1241,-5.625000e-01,
1242,-5.468750e-01,
1243,-6.093750e-01,
1244,-5.937500e-01,
1245,-6.562500e-01,
1246,-6.406250e-01,
1247,-6.875000e-01,
1248,-6.718750e-01,
1249,-7.031250e-01,
1250,-6.875000e-01,
1251,-7.343750e-01,
1252,-7.187500e-01,
1253,-7.500000e-01,
1254,-7.500000e-01,
1255,-7.812500e-01,
1256,-7.656250e-01,
1257,-7.968750e-01,
1258,-7.812500e-01,
1259,-8.125000e-01,
1260,-8.125000e-01,
1261,-7.812500e-01,
1262,-8.125000e-01,
1263,-7.968750e-01,
1264,-8.125000e-01,
1265,-7.968750e-01,
1266,-8.125000e-01,
1267,-7.812500e-01,
1268,-8.125000e-01,
1269,-7.812500e-01,
1270,-7.968750e-01,
1271,-7.656250e-01,
1272,-7.812500e-01,
1273,-7.500000e-01,
1274,-7.500000e-01,
1275,-7.187500e-01,
1276,-7.343750e-01,
1277,-7.031250e-01,
1278,-7.187500e-01,
1279,-6.718750e-01,
1280,-6.875000e-01,
1281,-6.250000e-01,
1282,-6.406250e-01,
1283,-5.937500e-01,
1284,-6.093750e-01,
1285,-5.468750e-01,
1286,-5.781250e-01,
1287,-5.156250e-01,
1288,-5.156250e-01,
1289,-4.687500e-01,
1290,-4.687500e-01,
1291,-4.218750e-01,
1292,-4.218750e-01,
1293,-3.750000e-01,
1294,-3.750000e-01,
1295,-3.281250e-01,
1296,-3.437500e-01,
1297,-2.656250e-01,
1298,-2.812500e-01,
1299,-2.187500e-01,
1300,-2.343750e-01,
1301,-1.718750e-01,
1302,-1.875000e-01,
1303,-1.250000e-01,
1304,-1.406250e-01,
1305,-7.812500e-02,
1306,-9.375000e-02,
1307,-4.687500e-02,
1308,-6.250000e-02,
1309,-1.562500e-02,
1310,-3.125000e-02,
1311,1.562500e-02,
1312,-1.562500e-02,
1313,3.125000e-02,
1314,1.562500e-02,
1315,4.687500e-02,
1316,3.125000e-02,
1317,7.812500e-02,
1318,6.250000e-02,
1319,1.093750e-01,
1320,9.375000e-02,
1321,1.406250e-01,
1322,1.250000e-01,
1323,1.875000e-01,
1324,1.718750e-01,
1325,2.343750e-01,
1326,2.187500e-01,
1327,2.812500e-01,
1328,2.812500e-01,
1329,3.437500e-01,
1330,3.281250e-01,
1331,3.906250e-01,
1332,3.750000e-01,
1333,4.375000e-01,
1334,4.218750e-01,
1335,5.000000e-01,
1336,4.687500e-01,
1337,5.312500e-01,
1338,5.156250e-01,
1339,5.781250e-01,
1340,5.625000e-01,
1341,6.093750e-01,
1342,5.937500e-01,
1343,6.562500e-01,
1344,6.406250e-01,
1345,6.875000e-01,
1346,6.718750e-01,
1347,7.343750e-01,
1348,7.031250e-01,
1349,7.500000e-01,
1350,7.343750e-01,
1351,7.812500e-01,
1352,7.656250e-01,
1353,8.125000e-01,
1354,7.968750e-01,
1355,8.281250e-01,
1356,8.125000e-01,
1357,8.437500e-01,
1358,8.281250e-01,
1359,8.593750e-01,
1360,8.437500e-01,
1361,8.593750e-01,
1362,8.437500e-01,
1363,8.750000e-01,
1364,8.437500e-01,
1365,8.750000e-01,
1366,8.593750e-01,
1367,8.281250e-01,
1368,8.593750e-01,
1369,8.281250e-01,
1370,8.437500e-01,
1371,8.125000e-01,
1372,8.281250e-01,
1373,7.968750e-01,
1374,8.125000e-01,
1375,7.656250e-01,
1376,7.812500e-01,
1377,7.343750e-01,
1378,7.656250e-01,
1379,7.187500e-01,
1380,7.343750e-01,
1381,6.718750e-01,
1382,6.875000e-01,
1383,6.406250e-01,
1384,6.562500e-01,
1385,6.093750e-01,
1386,6.250000e-01,
1387,5.625000e-01,
1388,5.781250e-01,
1389,5.156250e-01,
1390,5.312500e-01,
1391,4.843750e-01,
1392,5.000000e-01,
1393,4.218750e-01,
1394,4.375000e-01,
1395,3.750000e-01,
1396,3.906250e-01,
1397,3.281250e-01,
1398,3.437500e-01,
1399,2.656250e-01,
