0,-1.093750e-01,-2.187500e-01,
1,-6.250000e-02,-1.562500e-01,
2,-6.250000e-02,-1.562500e-01,
3,-1.562500e-02,-1.093750e-01,
4,-3.125000e-02,-1.093750e-01,
5,0.000000e+00,-4.687500e-02,
6,0.000000e+00,-6.250000e-02,
7,3.125000e-02,0.000000e+00,
8,1.562500e-02,-1.562500e-02,
9,4.687500e-02,4.687500e-02,
10,3.125000e-02,4.687500e-02,
11,6.250000e-02,9.375000e-02,
12,6.250000e-02,9.375000e-02,
13,1.093750e-01,1.562500e-01,
14,9.375000e-02,1.406250e-01,
15,1.562500e-01,2.031250e-01,
16,1.406250e-01,2.031250e-01,
17,1.875000e-01,2.500000e-01,
18,1.875000e-01,2.500000e-01,
19,2.187500e-01,2.968750e-01,
20,2.187500e-01,2.968750e-01,
21,2.500000e-01,3.437500e-01,
22,2.500000e-01,3.281250e-01,
23,2.968750e-01,3.750000e-01,
24,2.812500e-01,3.750000e-01,
25,3.125000e-01,4.062500e-01,
26,3.125000e-01,3.906250e-01,
27,3.437500e-01,4.218750e-01,
28,3.281250e-01,4.218750e-01,
29,3.437500e-01,4.375000e-01,
30,3.437500e-01,4.375000e-01,
31,3.593750e-01,4.531250e-01,
32,3.437500e-01,4.375000e-01,
33,3.593750e-01,4.531250e-01,
34,3.437500e-01,4.375000e-01,
35,3.593750e-01,4.375000e-01,
36,3.437500e-01,4.375000e-01,
37,3.281250e-01,4.218750e-01,
38,3.437500e-01,4.218750e-01,
39,3.125000e-01,3.906250e-01,
40,3.125000e-01,4.062500e-01,
41,2.812500e-01,3.593750e-01,
42,2.812500e-01,3.750000e-01,
43,2.500000e-01,3.281250e-01,
44,2.656250e-01,3.281250e-01,
45,2.187500e-01,2.812500e-01,
46,2.187500e-01,2.968750e-01,
47,1.875000e-01,2.343750e-01,
48,1.875000e-01,2.500000e-01,
49,1.406250e-01,1.875000e-01,
50,1.562500e-01,1.875000e-01,
51,9.375000e-02,1.406250e-01,
52,1.093750e-01,1.406250e-01,
53,6.250000e-02,7.812500e-02,
54,6.250000e-02,9.375000e-02,
55,3.125000e-02,3.125000e-02,
56,4.687500e-02,4.687500e-02,
57,1.562500e-02,-1.562500e-02,
58,3.125000e-02,-1.562500e-02,
59,0.000000e+00,-6.250000e-02,
60,0.000000e+00,-6.250000e-02,
61,-3.125000e-02,-1.250000e-01,
62,-1.562500e-02,-1.093750e-01,
63,-6.250000e-02,-1.718750e-01,
64,-6.250000e-02,-1.562500e-01,
65,-9.375000e-02,-2.187500e-01,
66,-9.375000e-02,-2.187500e-01,
67,-1.406250e-01,-2.656250e-01,
68,-1.406250e-01,-2.656250e-01,
69,-1.718750e-01,-3.125000e-01,
70,-1.718750e-01,-3.125000e-01,
71,-2.187500e-01,-3.593750e-01,
72,-2.031250e-01,-3.437500e-01,
73,-2.500000e-01,-3.906250e-01,
74,-2.343750e-01,-3.750000e-01,
75,-2.812500e-01,-4.218750e-01,
76,-2.656250e-01,-4.062500e-01,
77,-2.968750e-01,-4.375000e-01,
78,-2.812500e-01,-4.375000e-01,
79,-3.125000e-01,-4.531250e-01,
80,-3.125000e-01,-4.531250e-01,
81,-2.968750e-01,-4.687500e-01,
82,-3.125000e-01,-4.531250e-01,
83,-3.125000e-01,-4.687500e-01,
84,-3.125000e-01,-4.531250e-01,
85,-2.968750e-01,-4.687500e-01,
86,-3.125000e-01,-4.531250e-01,
87,-2.812500e-01,-4.375000e-01,
88,-2.968750e-01,-4.375000e-01,
89,-2.656250e-01,-4.062500e-01,
90,-2.656250e-01,-4.218750e-01,
91,-2.343750e-01,-3.750000e-01,
92,-2.500000e-01,-3.906250e-01,
93,-2.187500e-01,-3.437500e-01,
94,-2.187500e-01,-3.437500e-01,
95,-1.718750e-01,-3.125000e-01,
96,-1.875000e-01,-3.125000e-01,
97,-1.406250e-01,-2.656250e-01,
98,-1.406250e-01,-2.656250e-01,
99,-9.375000e-02,-2.031250e-01,
100,-1.093750e-01,-2.187500e-01,
101,-6.250000e-02,-1.562500e-01,
102,-6.250000e-02,-1.562500e-01,
103,-1.562500e-02,-1.093750e-01,
104,-3.125000e-02,-1.093750e-01,
105,0.000000e+00,-6.250000e-02,
106,0.000000e+00,-6.250000e-02,
107,3.125000e-02,0.000000e+00,
108,1.562500e-02,-1.562500e-02,
109,4.687500e-02,4.687500e-02,
110,3.125000e-02,4.687500e-02,
111,6.250000e-02,9.375000e-02,
112,6.250000e-02,9.375000e-02,
113,1.093750e-01,1.562500e-01,
114,9.375000e-02,1.406250e-01,
115,1.562500e-01,2.031250e-01,
116,1.406250e-01,2.031250e-01,
117,1.875000e-01,2.500000e-01,
118,1.875000e-01,2.500000e-01,
119,2.187500e-01,2.968750e-01,
120,2.187500e-01,2.968750e-01,
121,2.500000e-01,3.437500e-01,
122,2.500000e-01,3.281250e-01,
123,2.812500e-01,3.750000e-01,
124,2.812500e-01,3.750000e-01,
125,3.125000e-01,4.062500e-01,
126,3.125000e-01,3.906250e-01,
127,3.281250e-01,4.218750e-01,
128,3.281250e-01,4.218750e-01,
129,3.437500e-01,4.375000e-01,
130,3.437500e-01,4.375000e-01,
131,3.593750e-01,4.375000e-01,
132,3.593750e-01,4.375000e-01,
133,3.437500e-01,4.531250e-01,
134,3.593750e-01,4.375000e-01,
135,3.437500e-01,4.218750e-01,
136,3.437500e-01,4.375000e-01,
137,3.281250e-01,4.218750e-01,
138,3.281250e-01,4.218750e-01,
139,3.125000e-01,3.906250e-01,
140,3.125000e-01,4.062500e-01,
141,2.812500e-01,3.593750e-01,
142,2.812500e-01,3.750000e-01,
143,2.500000e-01,3.281250e-01,
144,2.656250e-01,3.281250e-01,
145,2.187500e-01,2.812500e-01,
146,2.187500e-01,2.968750e-01,
147,1.875000e-01,2.343750e-01,
148,1.875000e-01,2.500000e-01,
149,1.406250e-01,1.875000e-01,
150,1.406250e-01,2.031250e-01,
151,9.375000e-02,1.406250e-01,
152,1.093750e-01,1.406250e-01,
153,6.250000e-02,7.812500e-02,
154,6.250000e-02,9.375000e-02,
155,3.125000e-02,3.125000e-02,
156,4.687500e-02,4.687500e-02,
157,1.562500e-02,-1.562500e-02,
158,1.562500e-02,-1.562500e-02,
159,0.000000e+00,-6.250000e-02,
160,0.000000e+00,-6.250000e-02,
161,-3.125000e-02,-1.250000e-01,
162,-3.125000e-02,-1.093750e-01,
163,-6.250000e-02,-1.718750e-01,
164,-6.250000e-02,-1.562500e-01,
165,-1.093750e-01,-2.187500e-01,
166,-9.375000e-02,-2.187500e-01,
167,-1.406250e-01,-2.656250e-01,
168,-1.406250e-01,-2.656250e-01,
169,-1.875000e-01,-3.125000e-01,
170,-1.718750e-01,-3.125000e-01,
171,-2.187500e-01,-3.593750e-01,
172,-2.187500e-01,-3.437500e-01,
173,-2.500000e-01,-3.906250e-01,
174,-2.500000e-01,-3.750000e-01,
175,-2.812500e-01,-4.218750e-01,
176,-2.656250e-01,-4.218750e-01,
177,-2.968750e-01,-4.375000e-01,
178,-2.812500e-01,-4.375000e-01,
179,-3.125000e-01,-4.531250e-01,
180,-2.968750e-01,-4.531250e-01,
181,-3.125000e-01,-4.687500e-01,
182,-3.125000e-01,-4.531250e-01,
183,-3.125000e-01,-4.687500e-01,
184,-3.125000e-01,-4.531250e-01,
185,-2.968750e-01,-4.687500e-01,
186,-3.125000e-01,-4.531250e-01,
187,-2.812500e-01,-4.375000e-01,
188,-2.968750e-01,-4.375000e-01,
189,-2.656250e-01,-4.062500e-01,
190,-2.812500e-01,-4.218750e-01,
191,-2.500000e-01,-3.750000e-01,
192,-2.500000e-01,-3.906250e-01,
193,-2.031250e-01,-3.437500e-01,
194,-2.187500e-01,-3.437500e-01,
195,-1.718750e-01,-2.968750e-01,
196,-1.875000e-01,-3.125000e-01,
197,-1.406250e-01,-2.500000e-01,
198,-1.406250e-01,-2.656250e-01,
199,-9.375000e-02,-2.031250e-01,
200,-1.093750e-01,-2.187500e-01,
201,-6.250000e-02,-1.562500e-01,
202,-6.250000e-02,-1.562500e-01,
203,-1.562500e-02,-1.093750e-01,
204,-3.125000e-02,-1.093750e-01,
205,0.000000e+00,-4.687500e-02,
206,0.000000e+00,-6.250000e-02,
207,3.125000e-02,0.000000e+00,
208,1.562500e-02,0.000000e+00,
209,4.687500e-02,4.687500e-02,
210,3.125000e-02,4.687500e-02,
211,6.250000e-02,9.375000e-02,
212,6.250000e-02,9.375000e-02,
213,1.093750e-01,1.562500e-01,
214,9.375000e-02,1.406250e-01,
215,1.562500e-01,2.031250e-01,
216,1.406250e-01,2.031250e-01,
217,1.875000e-01,2.500000e-01,
218,1.875000e-01,2.500000e-01,
219,2.187500e-01,2.968750e-01,
220,2.187500e-01,2.968750e-01,
221,2.656250e-01,3.437500e-01,
222,2.500000e-01,3.281250e-01,
223,2.812500e-01,3.750000e-01,
224,2.812500e-01,3.750000e-01,
225,3.125000e-01,4.062500e-01,
226,3.125000e-01,3.906250e-01,
227,3.281250e-01,4.218750e-01,
228,3.281250e-01,4.218750e-01,
229,3.437500e-01,4.375000e-01,
230,3.437500e-01,4.375000e-01,
231,3.593750e-01,4.531250e-01,
232,3.593750e-01,4.375000e-01,
233,3.437500e-01,4.531250e-01,
234,3.437500e-01,4.375000e-01,
235,3.593750e-01,4.531250e-01,
236,3.437500e-01,4.375000e-01,
237,3.281250e-01,4.218750e-01,
238,3.437500e-01,4.218750e-01,
239,3.125000e-01,3.906250e-01,
240,3.125000e-01,4.062500e-01,
241,2.812500e-01,3.593750e-01,
242,2.812500e-01,3.750000e-01,
243,2.500000e-01,3.281250e-01,
244,2.656250e-01,3.281250e-01,
245,2.187500e-01,2.812500e-01,
246,2.187500e-01,2.968750e-01,
247,1.875000e-01,2.343750e-01,
248,1.875000e-01,2.500000e-01,
249,1.406250e-01,1.875000e-01,
250,1.406250e-01,2.031250e-01,
251,9.375000e-02,1.406250e-01,
252,1.093750e-01,1.406250e-01,
253,6.250000e-02,9.375000e-02,
254,6.250000e-02,9.375000e-02,
255,3.125000e-02,3.125000e-02,
256,4.687500e-02,4.687500e-02,
257,1.562500e-02,-1.562500e-02,
258,3.125000e-02,0.000000e+00,
259,0.000000e+00,-6.250000e-02,
260,0.000000e+00,-6.250000e-02,
261,-3.125000e-02,-1.093750e-01,
262,-1.562500e-02,-1.093750e-01,
263,-6.250000e-02,-1.718750e-01,
264,-6.250000e-02,-1.562500e-01,
265,-1.093750e-01,-2.187500e-01,
266,-9.375000e-02,-2.187500e-01,
267,-1.406250e-01,-2.656250e-01,
268,-1.406250e-01,-2.656250e-01,
269,-1.875000e-01,-3.125000e-01,
270,-1.718750e-01,-3.125000e-01,
271,-2.187500e-01,-3.437500e-01,
272,-2.031250e-01,-3.437500e-01,
273,-2.500000e-01,-3.906250e-01,
274,-2.500000e-01,-3.906250e-01,
275,-2.812500e-01,-4.218750e-01,
276,-2.656250e-01,-4.062500e-01,
277,-2.968750e-01,-4.375000e-01,
278,-2.812500e-01,-4.375000e-01,
279,-3.125000e-01,-4.531250e-01,
280,-2.968750e-01,-4.531250e-01,
281,-3.125000e-01,-4.687500e-01,
282,-3.125000e-01,-4.531250e-01,
283,-2.968750e-01,-4.687500e-01,
284,-3.125000e-01,-4.531250e-01,
285,-2.968750e-01,-4.687500e-01,
286,-3.125000e-01,-4.531250e-01,
287,-2.812500e-01,-4.375000e-01,
288,-2.968750e-01,-4.375000e-01,
289,-2.656250e-01,-4.062500e-01,
290,-2.812500e-01,-4.218750e-01,
291,-2.343750e-01,-3.750000e-01,
292,-2.500000e-01,-3.906250e-01,
293,-2.031250e-01,-3.437500e-01,
294,-2.187500e-01,-3.437500e-01,
295,-1.718750e-01,-2.968750e-01,
296,-1.718750e-01,-3.125000e-01,
297,-1.406250e-01,-2.656250e-01,
298,-1.406250e-01,-2.656250e-01,
299,-9.375000e-02,-2.031250e-01,
300,-9.375000e-02,-2.187500e-01,
301,-6.250000e-02,-1.562500e-01,
302,-6.250000e-02,-1.562500e-01,
303,-1.562500e-02,-1.093750e-01,
304,-3.125000e-02,-1.093750e-01,
305,1.562500e-02,-6.250000e-02,
306,0.000000e+00,-6.250000e-02,
307,3.125000e-02,0.000000e+00,
308,1.562500e-02,0.000000e+00,
309,4.687500e-02,4.687500e-02,
310,3.125000e-02,4.687500e-02,
311,7.812500e-02,9.375000e-02,
312,6.250000e-02,9.375000e-02,
313,1.093750e-01,1.562500e-01,
314,1.093750e-01,1.406250e-01,
315,1.562500e-01,2.031250e-01,
316,1.406250e-01,2.031250e-01,
317,1.875000e-01,2.500000e-01,
318,1.875000e-01,2.500000e-01,
319,2.187500e-01,2.968750e-01,
320,2.187500e-01,2.812500e-01,
321,2.656250e-01,3.281250e-01,
322,2.500000e-01,3.281250e-01,
323,2.968750e-01,3.750000e-01,
324,2.812500e-01,3.750000e-01,
325,3.125000e-01,4.062500e-01,
326,3.125000e-01,3.906250e-01,
327,3.437500e-01,4.218750e-01,
328,3.281250e-01,4.218750e-01,
329,3.437500e-01,4.375000e-01,
330,3.437500e-01,4.375000e-01,
331,3.593750e-01,4.218750e-01,
332,3.593750e-01,4.375000e-01,
333,3.437500e-01,4.531250e-01,
334,3.593750e-01,4.375000e-01,
335,3.437500e-01,4.375000e-01,
336,3.593750e-01,4.375000e-01,
337,3.281250e-01,4.218750e-01,
338,3.437500e-01,4.218750e-01,
339,3.125000e-01,3.906250e-01,
340,3.125000e-01,4.062500e-01,
341,2.812500e-01,3.593750e-01,
342,2.968750e-01,3.750000e-01,
343,2.500000e-01,3.281250e-01,
344,2.656250e-01,3.281250e-01,
345,2.187500e-01,2.812500e-01,
346,2.187500e-01,2.968750e-01,
347,1.875000e-01,2.343750e-01,
348,1.875000e-01,2.500000e-01,
349,1.406250e-01,1.875000e-01,
350,1.562500e-01,2.031250e-01,
351,1.093750e-01,1.406250e-01,
352,1.093750e-01,1.406250e-01,
353,6.250000e-02,7.812500e-02,
354,6.250000e-02,9.375000e-02,
355,3.125000e-02,3.125000e-02,
356,4.687500e-02,4.687500e-02,
357,1.562500e-02,-1.562500e-02,
358,1.562500e-02,-1.562500e-02,
359,0.000000e+00,-6.250000e-02,
360,0.000000e+00,-6.250000e-02,
361,-3.125000e-02,-1.093750e-01,
362,-1.562500e-02,-1.093750e-01,
363,-6.250000e-02,-1.718750e-01,
364,-6.250000e-02,-1.562500e-01,
365,-1.093750e-01,-2.187500e-01,
366,-9.375000e-02,-2.187500e-01,
367,-1.406250e-01,-2.656250e-01,
368,-1.406250e-01,-2.656250e-01,
369,-1.875000e-01,-3.125000e-01,
370,-1.718750e-01,-3.125000e-01,
371,-2.187500e-01,-3.593750e-01,
372,-2.187500e-01,-3.437500e-01,
373,-2.500000e-01,-3.906250e-01,
374,-2.343750e-01,-3.750000e-01,
375,-2.812500e-01,-4.218750e-01,
376,-2.656250e-01,-4.062500e-01,
377,-2.968750e-01,-4.375000e-01,
378,-2.812500e-01,-4.375000e-01,
379,-3.125000e-01,-4.531250e-01,
380,-2.968750e-01,-4.531250e-01,
381,-3.125000e-01,-4.687500e-01,
382,-3.125000e-01,-4.531250e-01,
383,-3.125000e-01,-4.687500e-01,
384,-3.125000e-01,-4.531250e-01,
385,-2.968750e-01,-4.687500e-01,
386,-3.125000e-01,-4.531250e-01,
387,-2.812500e-01,-4.375000e-01,
388,-2.968750e-01,-4.375000e-01,
389,-2.656250e-01,-4.062500e-01,
390,-2.812500e-01,-4.218750e-01,
391,-2.343750e-01,-3.750000e-01,
392,-2.500000e-01,-3.906250e-01,
393,-2.031250e-01,-3.437500e-01,
394,-2.187500e-01,-3.437500e-01,
395,-1.718750e-01,-2.968750e-01,
396,-1.718750e-01,-3.125000e-01,
397,-1.406250e-01,-2.656250e-01,
398,-1.406250e-01,-2.656250e-01,
399,-9.375000e-02,-2.031250e-01,
400,-9.375000e-02,-2.187500e-01,
401,-4.687500e-02,-1.562500e-01,
402,-6.250000e-02,-1.562500e-01,
403,-1.562500e-02,-1.093750e-01,
404,-3.125000e-02,-1.093750e-01,
405,0.000000e+00,-4.687500e-02,
406,0.000000e+00,-6.250000e-02,
407,3.125000e-02,0.000000e+00,
408,1.562500e-02,-1.562500e-02,
409,4.687500e-02,4.687500e-02,
410,3.125000e-02,4.687500e-02,
411,6.250000e-02,9.375000e-02,
412,6.250000e-02,9.375000e-02,
413,1.093750e-01,1.562500e-01,
414,9.375000e-02,1.406250e-01,
415,1.406250e-01,2.031250e-01,
416,1.406250e-01,1.875000e-01,
417,1.875000e-01,2.500000e-01,
418,1.875000e-01,2.500000e-01,
419,2.343750e-01,2.968750e-01,
420,2.187500e-01,2.968750e-01,
421,2.656250e-01,3.437500e-01,
422,2.500000e-01,3.281250e-01,
423,2.812500e-01,3.750000e-01,
424,2.812500e-01,3.750000e-01,
425,3.125000e-01,4.062500e-01,
426,3.125000e-01,3.906250e-01,
427,3.437500e-01,4.218750e-01,
428,3.281250e-01,4.218750e-01,
429,3.437500e-01,4.375000e-01,
430,3.437500e-01,4.375000e-01,
431,3.593750e-01,4.531250e-01,
432,3.593750e-01,4.375000e-01,
433,3.437500e-01,4.531250e-01,
434,3.437500e-01,4.375000e-01,
435,3.593750e-01,4.375000e-01,
436,3.437500e-01,4.375000e-01,
437,3.281250e-01,4.218750e-01,
438,3.437500e-01,4.218750e-01,
439,3.125000e-01,3.906250e-01,
440,3.125000e-01,4.062500e-01,
441,2.812500e-01,3.593750e-01,
442,2.812500e-01,3.750000e-01,
443,2.500000e-01,3.281250e-01,
444,2.656250e-01,3.281250e-01,
445,2.187500e-01,2.812500e-01,
446,2.187500e-01,2.968750e-01,
447,1.875000e-01,2.343750e-01,
448,1.875000e-01,2.500000e-01,
449,1.406250e-01,1.875000e-01,
450,1.562500e-01,2.031250e-01,
451,9.375000e-02,1.406250e-01,
452,1.093750e-01,1.406250e-01,
453,6.250000e-02,7.812500e-02,
454,6.250000e-02,9.375000e-02,
455,3.125000e-02,3.125000e-02,
456,4.687500e-02,4.687500e-02,
457,1.562500e-02,-1.562500e-02,
458,1.562500e-02,-1.562500e-02,
459,0.000000e+00,-6.250000e-02,
460,0.000000e+00,-6.250000e-02,
461,-3.125000e-02,-1.093750e-01,
462,-3.125000e-02,-1.093750e-01,
463,-6.250000e-02,-1.718750e-01,
464,-6.250000e-02,-1.562500e-01,
465,-1.093750e-01,-2.187500e-01,
466,-9.375000e-02,-2.187500e-01,
467,-1.406250e-01,-2.656250e-01,
468,-1.406250e-01,-2.656250e-01,
469,-1.875000e-01,-3.125000e-01,
470,-1.718750e-01,-3.125000e-01,
471,-2.187500e-01,-3.593750e-01,
472,-2.187500e-01,-3.437500e-01,
473,-2.500000e-01,-3.906250e-01,
474,-2.343750e-01,-3.750000e-01,
475,-2.812500e-01,-4.218750e-01,
476,-2.656250e-01,-4.062500e-01,
477,-2.968750e-01,-4.375000e-01,
478,-2.812500e-01,-4.375000e-01,
479,-3.125000e-01,-4.531250e-01,
480,-3.125000e-01,-4.531250e-01,
481,-2.968750e-01,-4.687500e-01,
482,-3.125000e-01,-4.531250e-01,
483,-3.125000e-01,-4.687500e-01,
484,-3.125000e-01,-4.531250e-01,
485,-2.968750e-01,-4.687500e-01,
486,-3.125000e-01,-4.531250e-01,
487,-2.812500e-01,-4.375000e-01,
488,-2.968750e-01,-4.375000e-01,
489,-2.656250e-01,-4.062500e-01,
490,-2.812500e-01,-4.218750e-01,
491,-2.343750e-01,-3.750000e-01,
492,-2.500000e-01,-3.906250e-01,
493,-2.031250e-01,-3.437500e-01,
494,-2.187500e-01,-3.437500e-01,
495,-1.718750e-01,-2.968750e-01,
496,-1.718750e-01,-3.125000e-01,
497,-1.406250e-01,-2.500000e-01,
498,-1.406250e-01,-2.656250e-01,
499,-9.375000e-02,-2.031250e-01,
500,-1.093750e-01,-2.187500e-01,
501,-6.250000e-02,-1.562500e-01,
502,-6.250000e-02,-1.562500e-01,
503,-1.562500e-02,-1.093750e-01,
504,-3.125000e-02,-1.093750e-01,
505,0.000000e+00,-4.687500e-02,
506,0.000000e+00,-6.250000e-02,
507,3.125000e-02,0.000000e+00,
508,1.562500e-02,-1.562500e-02,
509,4.687500e-02,4.687500e-02,
510,3.125000e-02,4.687500e-02,
511,6.250000e-02,9.375000e-02,
512,6.250000e-02,9.375000e-02,
513,1.093750e-01,1.562500e-01,
514,9.375000e-02,1.406250e-01,
515,1.406250e-01,2.031250e-01,
516,1.406250e-01,1.875000e-01,
517,1.875000e-01,2.500000e-01,
518,1.875000e-01,2.500000e-01,
519,2.187500e-01,2.968750e-01,
520,2.187500e-01,2.812500e-01,
521,2.500000e-01,3.437500e-01,
522,2.500000e-01,3.281250e-01,
523,2.812500e-01,3.750000e-01,
524,2.812500e-01,3.750000e-01,
525,3.125000e-01,4.062500e-01,
526,3.125000e-01,3.906250e-01,
527,3.281250e-01,4.218750e-01,
528,3.281250e-01,4.218750e-01,
529,3.437500e-01,4.375000e-01,
530,3.437500e-01,4.375000e-01,
531,3.593750e-01,4.375000e-01,
532,3.593750e-01,4.375000e-01,
533,3.437500e-01,4.531250e-01,
534,3.593750e-01,4.375000e-01,
535,3.437500e-01,4.375000e-01,
536,3.437500e-01,4.375000e-01,
537,3.281250e-01,4.218750e-01,
538,3.437500e-01,4.218750e-01,
539,3.125000e-01,3.906250e-01,
540,3.125000e-01,3.906250e-01,
541,2.812500e-01,3.593750e-01,
542,2.812500e-01,3.750000e-01,
543,2.500000e-01,3.281250e-01,
544,2.656250e-01,3.281250e-01,
545,2.187500e-01,2.812500e-01,
546,2.187500e-01,2.968750e-01,
547,1.875000e-01,2.343750e-01,
548,1.875000e-01,2.500000e-01,
549,1.406250e-01,1.875000e-01,
550,1.406250e-01,1.875000e-01,
551,9.375000e-02,1.406250e-01,
552,1.093750e-01,1.406250e-01,
553,6.250000e-02,7.812500e-02,
554,6.250000e-02,9.375000e-02,
555,3.125000e-02,3.125000e-02,
556,4.687500e-02,4.687500e-02,
557,1.562500e-02,-1.562500e-02,
558,1.562500e-02,-1.562500e-02,
559,0.000000e+00,-6.250000e-02,
560,0.000000e+00,-6.250000e-02,
561,-3.125000e-02,-1.093750e-01,
562,-1.562500e-02,-1.093750e-01,
563,-6.250000e-02,-1.718750e-01,
564,-6.250000e-02,-1.562500e-01,
565,-1.093750e-01,-2.187500e-01,
566,-9.375000e-02,-2.187500e-01,
567,-1.406250e-01,-2.656250e-01,
568,-1.406250e-01,-2.656250e-01,
569,-1.875000e-01,-3.125000e-01,
570,-1.718750e-01,-3.125000e-01,
571,-2.187500e-01,-3.437500e-01,
572,-2.031250e-01,-3.437500e-01,
573,-2.500000e-01,-3.906250e-01,
574,-2.343750e-01,-3.750000e-01,
575,-2.812500e-01,-4.218750e-01,
576,-2.656250e-01,-4.062500e-01,
577,-2.968750e-01,-4.375000e-01,
578,-2.812500e-01,-4.375000e-01,
579,-3.125000e-01,-4.531250e-01,
580,-2.968750e-01,-4.531250e-01,
581,-3.125000e-01,-4.687500e-01,
582,-3.125000e-01,-4.531250e-01,
583,-3.125000e-01,-4.687500e-01,
584,-3.125000e-01,-4.687500e-01,
585,-2.968750e-01,-4.531250e-01,
586,-3.125000e-01,-4.531250e-01,
587,-2.812500e-01,-4.375000e-01,
588,-2.968750e-01,-4.375000e-01,
589,-2.656250e-01,-4.062500e-01,
590,-2.656250e-01,-4.218750e-01,
591,-2.500000e-01,-3.750000e-01,
592,-2.500000e-01,-3.906250e-01,
593,-2.031250e-01,-3.437500e-01,
594,-2.187500e-01,-3.437500e-01,
595,-1.718750e-01,-2.968750e-01,
596,-1.875000e-01,-3.125000e-01,
597,-1.406250e-01,-2.656250e-01,
598,-1.406250e-01,-2.656250e-01,
599,-9.375000e-02,-2.031250e-01,
600,-1.093750e-01,-2.187500e-01,
601,-6.250000e-02,-1.562500e-01,
602,-6.250000e-02,-1.562500e-01,
603,-1.562500e-02,-1.093750e-01,
604,-3.125000e-02,-1.093750e-01,
605,0.000000e+00,-6.250000e-02,
606,0.000000e+00,-6.250000e-02,
607,3.125000e-02,0.000000e+00,
608,1.562500e-02,-1.562500e-02,
609,4.687500e-02,4.687500e-02,
610,3.125000e-02,4.687500e-02,
611,6.250000e-02,9.375000e-02,
612,6.250000e-02,9.375000e-02,
613,1.093750e-01,1.562500e-01,
614,9.375000e-02,1.406250e-01,
615,1.406250e-01,2.031250e-01,
616,1.406250e-01,1.875000e-01,
617,1.875000e-01,2.500000e-01,
618,1.875000e-01,2.343750e-01,
619,2.187500e-01,2.968750e-01,
620,2.187500e-01,2.968750e-01,
621,2.500000e-01,3.437500e-01,
622,2.500000e-01,3.281250e-01,
623,2.812500e-01,3.750000e-01,
624,2.812500e-01,3.593750e-01,
625,3.125000e-01,4.062500e-01,
626,3.125000e-01,3.906250e-01,
627,3.437500e-01,4.218750e-01,
628,3.281250e-01,4.218750e-01,
629,3.437500e-01,4.375000e-01,
630,3.437500e-01,4.375000e-01,
631,3.593750e-01,4.531250e-01,
632,3.437500e-01,4.375000e-01,
633,3.593750e-01,4.531250e-01,
634,3.437500e-01,4.375000e-01,
635,3.593750e-01,4.375000e-01,
636,3.437500e-01,4.375000e-01,
637,3.281250e-01,4.218750e-01,
638,3.281250e-01,4.218750e-01,
639,3.125000e-01,3.906250e-01,
640,3.125000e-01,4.062500e-01,
641,2.812500e-01,3.593750e-01,
642,2.812500e-01,3.750000e-01,
643,2.500000e-01,3.281250e-01,
644,2.656250e-01,3.281250e-01,
645,2.187500e-01,2.812500e-01,
646,2.187500e-01,2.968750e-01,
647,1.875000e-01,2.343750e-01,
648,1.875000e-01,2.500000e-01,
649,1.406250e-01,1.875000e-01,
650,1.406250e-01,2.031250e-01,
651,9.375000e-02,1.406250e-01,
652,1.093750e-01,1.406250e-01,
653,6.250000e-02,9.375000e-02,
654,6.250000e-02,9.375000e-02,
655,3.125000e-02,3.125000e-02,
656,4.687500e-02,4.687500e-02,
657,1.562500e-02,-1.562500e-02,
658,3.125000e-02,0.000000e+00,
659,0.000000e+00,-6.250000e-02,
660,0.000000e+00,-6.250000e-02,
661,-3.125000e-02,-1.093750e-01,
662,-1.562500e-02,-1.093750e-01,
663,-6.250000e-02,-1.718750e-01,
664,-6.250000e-02,-1.562500e-01,
665,-1.093750e-01,-2.187500e-01,
666,-9.375000e-02,-2.187500e-01,
667,-1.406250e-01,-2.656250e-01,
668,-1.406250e-01,-2.656250e-01,
669,-1.875000e-01,-3.125000e-01,
670,-1.718750e-01,-3.125000e-01,
671,-2.187500e-01,-3.437500e-01,
672,-2.187500e-01,-3.437500e-01,
673,-2.500000e-01,-3.906250e-01,
674,-2.500000e-01,-3.750000e-01,
675,-2.812500e-01,-4.218750e-01,
676,-2.656250e-01,-4.062500e-01,
677,-2.968750e-01,-4.375000e-01,
678,-2.812500e-01,-4.375000e-01,
679,-3.125000e-01,-4.531250e-01,
680,-2.968750e-01,-4.531250e-01,
681,-3.125000e-01,-4.687500e-01,
682,-3.125000e-01,-4.531250e-01,
683,-3.125000e-01,-4.687500e-01,
684,-3.125000e-01,-4.531250e-01,
685,-2.968750e-01,-4.531250e-01,
686,-3.125000e-01,-4.531250e-01,
687,-2.812500e-01,-4.375000e-01,
688,-2.968750e-01,-4.375000e-01,
689,-2.656250e-01,-4.062500e-01,
690,-2.812500e-01,-4.218750e-01,
691,-2.500000e-01,-3.750000e-01,
692,-2.500000e-01,-3.906250e-01,
693,-2.031250e-01,-3.437500e-01,
694,-2.187500e-01,-3.437500e-01,
695,-1.718750e-01,-2.968750e-01,
696,-1.875000e-01,-3.125000e-01,
697,-1.406250e-01,-2.500000e-01,
698,-1.406250e-01,-2.656250e-01,
699,-9.375000e-02,-2.031250e-01,
700,-9.375000e-02,-2.031250e-01,
701,-6.250000e-02,-1.562500e-01,
702,-6.250000e-02,-1.562500e-01,
703,-1.562500e-02,-1.093750e-01,
704,-3.125000e-02,-1.093750e-01,
705,0.000000e+00,-4.687500e-02,
706,0.000000e+00,-6.250000e-02,
707,3.125000e-02,0.000000e+00,
708,1.562500e-02,0.000000e+00,
709,4.687500e-02,4.687500e-02,
710,3.125000e-02,4.687500e-02,
711,6.250000e-02,9.375000e-02,
712,6.250000e-02,9.375000e-02,
713,1.093750e-01,1.562500e-01,
714,9.375000e-02,1.406250e-01,
715,1.406250e-01,2.031250e-01,
716,1.406250e-01,2.031250e-01,
717,1.875000e-01,2.500000e-01,
718,1.875000e-01,2.500000e-01,
719,2.187500e-01,2.968750e-01,
720,2.187500e-01,2.968750e-01,
721,2.656250e-01,3.437500e-01,
722,2.500000e-01,3.281250e-01,
723,2.968750e-01,3.750000e-01,
724,2.812500e-01,3.750000e-01,
725,3.125000e-01,4.062500e-01,
726,3.125000e-01,3.906250e-01,
727,3.281250e-01,4.218750e-01,
728,3.281250e-01,4.218750e-01,
729,3.437500e-01,4.375000e-01,
730,3.437500e-01,4.375000e-01,
731,3.593750e-01,4.531250e-01,
732,3.437500e-01,4.375000e-01,
733,3.593750e-01,4.531250e-01,
734,3.593750e-01,4.375000e-01,
735,3.437500e-01,4.531250e-01,
736,3.437500e-01,4.375000e-01,
737,3.281250e-01,4.218750e-01,
738,3.437500e-01,4.218750e-01,
739,3.125000e-01,3.906250e-01,
740,3.125000e-01,4.062500e-01,
741,2.812500e-01,3.593750e-01,
742,2.812500e-01,3.750000e-01,
743,2.500000e-01,3.281250e-01,
744,2.500000e-01,3.281250e-01,
745,2.187500e-01,2.812500e-01,
746,2.187500e-01,2.968750e-01,
747,1.875000e-01,2.343750e-01,
748,1.875000e-01,2.500000e-01,
749,1.406250e-01,1.875000e-01,
750,1.406250e-01,2.031250e-01,
751,9.375000e-02,1.406250e-01,
752,1.093750e-01,1.406250e-01,
753,6.250000e-02,9.375000e-02,
754,6.250000e-02,9.375000e-02,
755,3.125000e-02,3.125000e-02,
756,4.687500e-02,4.687500e-02,
757,1.562500e-02,-1.562500e-02,
758,3.125000e-02,0.000000e+00,
759,0.000000e+00,-6.250000e-02,
760,0.000000e+00,-6.250000e-02,
761,-3.125000e-02,-1.093750e-01,
762,-1.562500e-02,-1.093750e-01,
763,-6.250000e-02,-1.718750e-01,
764,-6.250000e-02,-1.562500e-01,
765,-1.093750e-01,-2.187500e-01,
766,-9.375000e-02,-2.187500e-01,
767,-1.406250e-01,-2.656250e-01,
768,-1.406250e-01,-2.656250e-01,
769,-1.718750e-01,-3.125000e-01,
770,-1.718750e-01,-3.125000e-01,
771,-2.187500e-01,-3.437500e-01,
772,-2.031250e-01,-3.437500e-01,
773,-2.500000e-01,-3.906250e-01,
774,-2.343750e-01,-3.750000e-01,
775,-2.812500e-01,-4.218750e-01,
776,-2.656250e-01,-4.062500e-01,
777,-2.968750e-01,-4.375000e-01,
778,-2.812500e-01,-4.375000e-01,
779,-3.125000e-01,-4.531250e-01,
780,-3.125000e-01,-4.531250e-01,
781,-2.968750e-01,-4.531250e-01,
782,-3.125000e-01,-4.531250e-01,
783,-3.125000e-01,-4.687500e-01,
784,-3.125000e-01,-4.531250e-01,
785,-2.968750e-01,-4.531250e-01,
786,-3.125000e-01,-4.531250e-01,
787,-2.812500e-01,-4.375000e-01,
788,-2.968750e-01,-4.375000e-01,
789,-2.656250e-01,-4.062500e-01,
790,-2.812500e-01,-4.062500e-01,
791,-2.500000e-01,-3.750000e-01,
792,-2.500000e-01,-3.906250e-01,
793,-2.187500e-01,-3.437500e-01,
794,-2.187500e-01,-3.437500e-01,
795,-1.718750e-01,-2.968750e-01,
796,-1.875000e-01,-3.125000e-01,
797,-1.406250e-01,-2.500000e-01,
798,-1.406250e-01,-2.656250e-01,
799,-9.375000e-02,-2.031250e-01,
800,-1.093750e-01,-2.031250e-01,
801,-6.250000e-02,-1.562500e-01,
802,-6.250000e-02,-1.562500e-01,
803,-1.562500e-02,-1.093750e-01,
804,-3.125000e-02,-1.093750e-01,
805,0.000000e+00,-6.250000e-02,
806,0.000000e+00,-6.250000e-02,
807,1.562500e-02,0.000000e+00,
808,1.562500e-02,0.000000e+00,
809,4.687500e-02,4.687500e-02,
810,3.125000e-02,4.687500e-02,
811,6.250000e-02,9.375000e-02,
812,6.250000e-02,9.375000e-02,
813,1.093750e-01,1.562500e-01,
814,9.375000e-02,1.406250e-01,
815,1.562500e-01,2.031250e-01,
816,1.406250e-01,2.031250e-01,
817,1.875000e-01,2.500000e-01,
818,1.718750e-01,2.500000e-01,
819,2.187500e-01,2.968750e-01,
820,2.187500e-01,2.968750e-01,
821,2.500000e-01,3.437500e-01,
822,2.500000e-01,3.281250e-01,
823,2.812500e-01,3.750000e-01,
824,2.812500e-01,3.750000e-01,
825,3.125000e-01,4.062500e-01,
826,3.125000e-01,4.062500e-01,
827,3.437500e-01,4.218750e-01,
828,3.281250e-01,4.218750e-01,
829,3.437500e-01,4.375000e-01,
830,3.437500e-01,4.375000e-01,
831,3.593750e-01,4.531250e-01,
832,3.437500e-01,4.375000e-01,
833,3.593750e-01,4.531250e-01,
834,3.593750e-01,4.375000e-01,
835,3.437500e-01,4.531250e-01,
836,3.437500e-01,4.375000e-01,
837,3.281250e-01,4.218750e-01,
838,3.281250e-01,4.218750e-01,
839,3.125000e-01,3.906250e-01,
840,3.125000e-01,4.062500e-01,
841,2.812500e-01,3.750000e-01,
842,2.812500e-01,3.750000e-01,
843,2.500000e-01,3.281250e-01,
844,2.656250e-01,3.281250e-01,
845,2.187500e-01,2.812500e-01,
846,2.187500e-01,2.968750e-01,
847,1.875000e-01,2.343750e-01,
848,1.875000e-01,2.500000e-01,
849,1.406250e-01,1.875000e-01,
850,1.562500e-01,2.031250e-01,
851,9.375000e-02,1.406250e-01,
852,1.093750e-01,1.406250e-01,
853,6.250000e-02,9.375000e-02,
854,6.250000e-02,9.375000e-02,
855,3.125000e-02,3.125000e-02,
856,4.687500e-02,4.687500e-02,
857,1.562500e-02,-1.562500e-02,
858,3.125000e-02,-1.562500e-02,
859,0.000000e+00,-6.250000e-02,
860,0.000000e+00,-6.250000e-02,
861,-3.125000e-02,-1.093750e-01,
862,-1.562500e-02,-1.093750e-01,
863,-6.250000e-02,-1.718750e-01,
864,-6.250000e-02,-1.562500e-01,
865,-1.093750e-01,-2.187500e-01,
866,-9.375000e-02,-2.187500e-01,
867,-1.406250e-01,-2.656250e-01,
868,-1.406250e-01,-2.656250e-01,
869,-1.875000e-01,-3.125000e-01,
870,-1.718750e-01,-3.125000e-01,
871,-2.187500e-01,-3.437500e-01,
872,-2.187500e-01,-3.437500e-01,
873,-2.500000e-01,-3.906250e-01,
874,-2.343750e-01,-3.750000e-01,
875,-2.812500e-01,-4.218750e-01,
876,-2.656250e-01,-4.062500e-01,
877,-2.968750e-01,-4.375000e-01,
878,-2.812500e-01,-4.375000e-01,
879,-3.125000e-01,-4.531250e-01,
880,-2.968750e-01,-4.531250e-01,
881,-3.125000e-01,-4.687500e-01,
882,-3.125000e-01,-4.531250e-01,
883,-3.125000e-01,-4.687500e-01,
884,-3.125000e-01,-4.531250e-01,
885,-2.968750e-01,-4.531250e-01,
886,-3.125000e-01,-4.531250e-01,
887,-2.812500e-01,-4.375000e-01,
888,-2.968750e-01,-4.375000e-01,
889,-2.656250e-01,-4.062500e-01,
890,-2.656250e-01,-4.062500e-01,
891,-2.343750e-01,-3.750000e-01,
892,-2.500000e-01,-3.906250e-01,
893,-2.031250e-01,-3.437500e-01,
894,-2.187500e-01,-3.437500e-01,
895,-1.718750e-01,-2.968750e-01,
896,-1.718750e-01,-3.125000e-01,
897,-1.406250e-01,-2.500000e-01,
898,-1.406250e-01,-2.656250e-01,
899,-9.375000e-02,-2.031250e-01,
900,-9.375000e-02,-2.031250e-01,
901,-6.250000e-02,-1.562500e-01,
902,-6.250000e-02,-1.562500e-01,
903,-1.562500e-02,-9.375000e-02,
904,-3.125000e-02,-1.093750e-01,
905,0.000000e+00,-6.250000e-02,
906,0.000000e+00,-6.250000e-02,
907,3.125000e-02,0.000000e+00,
908,1.562500e-02,0.000000e+00,
909,4.687500e-02,4.687500e-02,
910,3.125000e-02,4.687500e-02,
911,7.812500e-02,9.375000e-02,
912,6.250000e-02,9.375000e-02,
913,1.093750e-01,1.562500e-01,
914,9.375000e-02,1.406250e-01,
915,1.562500e-01,2.031250e-01,
916,1.406250e-01,2.031250e-01,
917,1.875000e-01,2.500000e-01,
918,1.875000e-01,2.500000e-01,
919,2.187500e-01,2.968750e-01,
920,2.187500e-01,2.968750e-01,
921,2.656250e-01,3.437500e-01,
922,2.500000e-01,3.281250e-01,
923,2.968750e-01,3.750000e-01,
924,2.812500e-01,3.750000e-01,
925,3.125000e-01,4.062500e-01,
926,3.125000e-01,3.906250e-01,
927,3.437500e-01,4.218750e-01,
928,3.281250e-01,4.218750e-01,
929,3.437500e-01,4.375000e-01,
930,3.437500e-01,4.375000e-01,
931,3.593750e-01,4.531250e-01,
932,3.593750e-01,4.375000e-01,
933,3.437500e-01,4.531250e-01,
934,3.593750e-01,4.375000e-01,
935,3.437500e-01,4.531250e-01,
936,3.437500e-01,4.375000e-01,
937,3.281250e-01,4.218750e-01,
938,3.281250e-01,4.218750e-01,
939,3.125000e-01,3.906250e-01,
940,3.125000e-01,4.062500e-01,
941,2.812500e-01,3.593750e-01,
942,2.968750e-01,3.750000e-01,
943,2.500000e-01,3.281250e-01,
944,2.656250e-01,3.281250e-01,
945,2.187500e-01,2.812500e-01,
946,2.187500e-01,2.968750e-01,
947,1.875000e-01,2.343750e-01,
948,1.875000e-01,2.500000e-01,
949,1.406250e-01,1.875000e-01,
950,1.406250e-01,2.031250e-01,
951,9.375000e-02,1.406250e-01,
952,1.093750e-01,1.406250e-01,
953,6.250000e-02,9.375000e-02,
954,6.250000e-02,9.375000e-02,
955,3.125000e-02,3.125000e-02,
956,4.687500e-02,4.687500e-02,
957,1.562500e-02,-1.562500e-02,
958,1.562500e-02,-1.562500e-02,
959,0.000000e+00,-6.250000e-02,
960,0.000000e+00,-6.250000e-02,
961,-3.125000e-02,-1.093750e-01,
962,-1.562500e-02,-1.093750e-01,
963,-6.250000e-02,-1.718750e-01,
964,-6.250000e-02,-1.562500e-01,
965,-1.093750e-01,-2.187500e-01,
966,-9.375000e-02,-2.187500e-01,
967,-1.406250e-01,-2.656250e-01,
968,-1.406250e-01,-2.656250e-01,
969,-1.875000e-01,-3.125000e-01,
970,-1.718750e-01,-3.125000e-01,
971,-2.187500e-01,-3.437500e-01,
972,-2.031250e-01,-3.437500e-01,
973,-2.500000e-01,-3.906250e-01,
974,-2.500000e-01,-3.750000e-01,
975,-2.656250e-01,-4.218750e-01,
976,-2.656250e-01,-4.062500e-01,
977,-2.968750e-01,-4.375000e-01,
978,-2.812500e-01,-4.375000e-01,
979,-3.125000e-01,-4.531250e-01,
980,-3.125000e-01,-4.531250e-01,
981,-2.968750e-01,-4.687500e-01,
982,-3.125000e-01,-4.531250e-01,
983,-3.125000e-01,-4.687500e-01,
984,-3.125000e-01,-4.531250e-01,
985,-2.968750e-01,-4.687500e-01,
986,-3.125000e-01,-4.531250e-01,
987,-2.812500e-01,-4.375000e-01,
988,-2.968750e-01,-4.375000e-01,
989,-2.656250e-01,-4.062500e-01,
990,-2.812500e-01,-4.062500e-01,
991,-2.343750e-01,-3.750000e-01,
992,-2.500000e-01,-3.906250e-01,
993,-2.187500e-01,-3.437500e-01,
994,-2.187500e-01,-3.437500e-01,
995,-1.718750e-01,-2.968750e-01,
996,-1.718750e-01,-3.125000e-01,
997,-1.406250e-01,-2.656250e-01,
998,-1.406250e-01,-2.656250e-01,
999,-9.375000e-02,-2.031250e-01,
1000,-9.375000e-02,-2.187500e-01,
1001,-6.250000e-02,-1.562500e-01,
1002,-6.250000e-02,-1.562500e-01,
1003,-1.562500e-02,-1.093750e-01,
1004,-3.125000e-02,-1.093750e-01,
1005,0.000000e+00,-6.250000e-02,
1006,0.000000e+00,-6.250000e-02,
1007,1.562500e-02,0.000000e+00,
1008,1.562500e-02,-1.562500e-02,
1009,4.687500e-02,4.687500e-02,
1010,3.125000e-02,4.687500e-02,
1011,6.250000e-02,9.375000e-02,
1012,6.250000e-02,9.375000e-02,
1013,1.093750e-01,1.406250e-01,
1014,9.375000e-02,1.406250e-01,
1015,1.406250e-01,2.031250e-01,
1016,1.406250e-01,2.031250e-01,
1017,1.875000e-01,2.500000e-01,
1018,1.875000e-01,2.500000e-01,
1019,2.187500e-01,2.968750e-01,
1020,2.187500e-01,2.812500e-01,
1021,2.500000e-01,3.437500e-01,
1022,2.500000e-01,3.281250e-01,
1023,2.812500e-01,3.750000e-01,
1024,2.812500e-01,3.593750e-01,
1025,3.125000e-01,4.062500e-01,
1026,3.125000e-01,3.906250e-01,
1027,3.437500e-01,4.218750e-01,
1028,3.281250e-01,4.218750e-01,
1029,3.437500e-01,4.375000e-01,
1030,3.437500e-01,4.375000e-01,
1031,3.593750e-01,4.375000e-01,
1032,3.437500e-01,4.375000e-01,
1033,3.593750e-01,4.531250e-01,
1034,3.437500e-01,4.375000e-01,
1035,3.593750e-01,4.375000e-01,
1036,3.437500e-01,4.375000e-01,
1037,3.281250e-01,4.218750e-01,
1038,3.437500e-01,4.218750e-01,
1039,3.125000e-01,3.906250e-01,
1040,3.125000e-01,4.062500e-01,
1041,2.812500e-01,3.593750e-01,
1042,2.812500e-01,3.750000e-01,
1043,2.500000e-01,3.281250e-01,
1044,2.656250e-01,3.281250e-01,
1045,2.187500e-01,2.812500e-01,
1046,2.187500e-01,2.968750e-01,
1047,1.875000e-01,2.343750e-01,
1048,1.875000e-01,2.500000e-01,
1049,1.406250e-01,1.875000e-01,
1050,1.406250e-01,2.031250e-01,
1051,9.375000e-02,1.406250e-01,
1052,1.093750e-01,1.406250e-01,
1053,6.250000e-02,9.375000e-02,
1054,6.250000e-02,9.375000e-02,
1055,3.125000e-02,3.125000e-02,
1056,4.687500e-02,4.687500e-02,
1057,1.562500e-02,-1.562500e-02,
1058,1.562500e-02,-1.562500e-02,
1059,0.000000e+00,-6.250000e-02,
1060,0.000000e+00,-6.250000e-02,
1061,-3.125000e-02,-1.250000e-01,
1062,-1.562500e-02,-1.093750e-01,
1063,-6.250000e-02,-1.718750e-01,
1064,-6.250000e-02,-1.562500e-01,
1065,-1.093750e-01,-2.187500e-01,
1066,-9.375000e-02,-2.187500e-01,
1067,-1.406250e-01,-2.656250e-01,
1068,-1.406250e-01,-2.656250e-01,
1069,-1.875000e-01,-3.125000e-01,
1070,-1.718750e-01,-3.125000e-01,
1071,-2.187500e-01,-3.437500e-01,
1072,-2.031250e-01,-3.437500e-01,
1073,-2.500000e-01,-3.906250e-01,
1074,-2.343750e-01,-3.750000e-01,
1075,-2.656250e-01,-4.218750e-01,
1076,-2.656250e-01,-4.062500e-01,
1077,-2.968750e-01,-4.375000e-01,
1078,-2.812500e-01,-4.375000e-01,
1079,-3.125000e-01,-4.531250e-01,
1080,-2.968750e-01,-4.531250e-01,
1081,-3.125000e-01,-4.687500e-01,
1082,-3.125000e-01,-4.531250e-01,
1083,-3.125000e-01,-4.687500e-01,
1084,-3.125000e-01,-4.687500e-01,
1085,-2.968750e-01,-4.531250e-01,
1086,-3.125000e-01,-4.531250e-01,
1087,-2.812500e-01,-4.375000e-01,
1088,-2.968750e-01,-4.375000e-01,
1089,-2.656250e-01,-4.062500e-01,
1090,-2.812500e-01,-4.218750e-01,
1091,-2.343750e-01,-3.750000e-01,
1092,-2.500000e-01,-3.906250e-01,
1093,-2.031250e-01,-3.437500e-01,
1094,-2.187500e-01,-3.437500e-01,
1095,-1.718750e-01,-2.968750e-01,
1096,-1.718750e-01,-3.125000e-01,
1097,-1.406250e-01,-2.500000e-01,
1098,-1.406250e-01,-2.656250e-01,
1099,-9.375000e-02,-2.031250e-01,
1100,-9.375000e-02,-2.187500e-01,
1101,-6.250000e-02,-1.562500e-01,
1102,-6.250000e-02,-1.562500e-01,
1103,-1.562500e-02,-1.093750e-01,
1104,-3.125000e-02,-1.093750e-01,
1105,0.000000e+00,-6.250000e-02,
1106,0.000000e+00,-6.250000e-02,
1107,3.125000e-02,0.000000e+00,
1108,1.562500e-02,0.000000e+00,
1109,4.687500e-02,4.687500e-02,
1110,3.125000e-02,4.687500e-02,
1111,7.812500e-02,9.375000e-02,
1112,6.250000e-02,9.375000e-02,
1113,1.093750e-01,1.562500e-01,
1114,9.375000e-02,1.406250e-01,
1115,1.562500e-01,2.031250e-01,
1116,1.406250e-01,2.031250e-01,
1117,1.875000e-01,2.500000e-01,
1118,1.875000e-01,2.500000e-01,
1119,2.187500e-01,2.968750e-01,
1120,2.187500e-01,2.968750e-01,
1121,2.656250e-01,3.437500e-01,
1122,2.500000e-01,3.281250e-01,
1123,2.968750e-01,3.750000e-01,
1124,2.812500e-01,3.750000e-01,
1125,3.125000e-01,4.062500e-01,
1126,3.125000e-01,3.906250e-01,
1127,3.437500e-01,4.218750e-01,
1128,3.281250e-01,4.218750e-01,
1129,3.437500e-01,4.375000e-01,
1130,3.437500e-01,4.375000e-01,
1131,3.593750e-01,4.531250e-01,
1132,3.593750e-01,4.375000e-01,
1133,3.437500e-01,4.531250e-01,
1134,3.593750e-01,4.375000e-01,
1135,3.437500e-01,4.531250e-01,
1136,3.437500e-01,4.375000e-01,
1137,3.281250e-01,4.218750e-01,
1138,3.437500e-01,4.218750e-01,
1139,3.125000e-01,3.906250e-01,
1140,3.125000e-01,4.062500e-01,
1141,2.812500e-01,3.750000e-01,
1142,2.812500e-01,3.750000e-01,
1143,2.500000e-01,3.281250e-01,
1144,2.656250e-01,3.281250e-01,
1145,2.187500e-01,2.812500e-01,
1146,2.343750e-01,2.968750e-01,
1147,1.875000e-01,2.343750e-01,
1148,1.875000e-01,2.500000e-01,
1149,1.406250e-01,1.875000e-01,
1150,1.406250e-01,2.031250e-01,
1151,9.375000e-02,1.406250e-01,
1152,1.093750e-01,1.406250e-01,
1153,6.250000e-02,9.375000e-02,
1154,6.250000e-02,9.375000e-02,
1155,3.125000e-02,3.125000e-02,
1156,4.687500e-02,4.687500e-02,
1157,1.562500e-02,-1.562500e-02,
1158,1.562500e-02,-1.562500e-02,
1159,0.000000e+00,-6.250000e-02,
1160,0.000000e+00,-6.250000e-02,
1161,-3.125000e-02,-1.250000e-01,
1162,-1.562500e-02,-1.093750e-01,
1163,-6.250000e-02,-1.718750e-01,
1164,-6.250000e-02,-1.562500e-01,
1165,-1.093750e-01,-2.187500e-01,
1166,-9.375000e-02,-2.187500e-01,
1167,-1.406250e-01,-2.656250e-01,
1168,-1.406250e-01,-2.656250e-01,
1169,-1.875000e-01,-3.125000e-01,
1170,-1.718750e-01,-3.125000e-01,
1171,-2.187500e-01,-3.437500e-01,
1172,-2.031250e-01,-3.437500e-01,
1173,-2.500000e-01,-3.906250e-01,
1174,-2.343750e-01,-3.750000e-01,
1175,-2.656250e-01,-4.218750e-01,
1176,-2.656250e-01,-4.062500e-01,
1177,-2.968750e-01,-4.375000e-01,
1178,-2.812500e-01,-4.375000e-01,
1179,-3.125000e-01,-4.531250e-01,
1180,-3.125000e-01,-4.531250e-01,
1181,-2.968750e-01,-4.687500e-01,
1182,-3.125000e-01,-4.531250e-01,
1183,-3.125000e-01,-4.687500e-01,
1184,-3.125000e-01,-4.531250e-01,
1185,-2.968750e-01,-4.687500e-01,
1186,-3.125000e-01,-4.531250e-01,
1187,-2.812500e-01,-4.375000e-01,
1188,-2.968750e-01,-4.375000e-01,
1189,-2.656250e-01,-4.062500e-01,
1190,-2.812500e-01,-4.062500e-01,
1191,-2.343750e-01,-3.750000e-01,
1192,-2.500000e-01,-3.906250e-01,
1193,-2.031250e-01,-3.437500e-01,
1194,-2.187500e-01,-3.437500e-01,
1195,-1.718750e-01,-2.968750e-01,
1196,-1.875000e-01,-3.125000e-01,
1197,-1.406250e-01,-2.500000e-01,
1198,-1.406250e-01,-2.656250e-01,
1199,-9.375000e-02,-2.031250e-01,
1200,-1.093750e-01,-2.187500e-01,
1201,-6.250000e-02,-1.562500e-01,
1202,-6.250000e-02,-1.562500e-01,
1203,-1.562500e-02,-1.093750e-01,
1204,-3.125000e-02,-1.093750e-01,
1205,0.000000e+00,-6.250000e-02,
1206,0.000000e+00,-6.250000e-02,
1207,3.125000e-02,0.000000e+00,
1208,1.562500e-02,-1.562500e-02,
1209,4.687500e-02,4.687500e-02,
1210,3.125000e-02,4.687500e-02,
1211,6.250000e-02,9.375000e-02,
1212,6.250000e-02,9.375000e-02,
1213,1.093750e-01,1.562500e-01,
1214,9.375000e-02,1.406250e-01,
1215,1.562500e-01,2.031250e-01,
1216,1.406250e-01,1.875000e-01,
1217,1.875000e-01,2.500000e-01,
1218,1.875000e-01,2.500000e-01,
1219,2.187500e-01,2.968750e-01,
1220,2.187500e-01,2.812500e-01,
1221,2.656250e-01,3.437500e-01,
1222,2.500000e-01,3.281250e-01,
1223,2.812500e-01,3.750000e-01,
1224,2.812500e-01,3.593750e-01,
1225,3.125000e-01,4.062500e-01,
1226,3.125000e-01,3.906250e-01,
1227,3.281250e-01,4.218750e-01,
1228,3.281250e-01,4.218750e-01,
1229,3.437500e-01,4.375000e-01,
1230,3.437500e-01,4.375000e-01,
1231,3.593750e-01,4.375000e-01,
1232,3.593750e-01,4.375000e-01,
1233,3.437500e-01,4.531250e-01,
1234,3.437500e-01,4.375000e-01,
1235,3.593750e-01,4.375000e-01,
1236,3.437500e-01,4.375000e-01,
1237,3.281250e-01,4.218750e-01,
1238,3.281250e-01,4.218750e-01,
1239,3.125000e-01,3.906250e-01,
1240,3.125000e-01,4.062500e-01,
1241,2.812500e-01,3.593750e-01,
1242,2.812500e-01,3.750000e-01,
1243,2.500000e-01,3.281250e-01,
1244,2.656250e-01,3.281250e-01,
1245,2.187500e-01,2.812500e-01,
1246,2.187500e-01,2.968750e-01,
1247,1.875000e-01,2.343750e-01,
1248,1.875000e-01,2.500000e-01,
1249,1.406250e-01,1.875000e-01,
1250,1.406250e-01,2.031250e-01,
1251,9.375000e-02,1.406250e-01,
1252,1.093750e-01,1.406250e-01,
1253,6.250000e-02,9.375000e-02,
1254,7.812500e-02,9.375000e-02,
1255,3.125000e-02,3.125000e-02,
1256,4.687500e-02,4.687500e-02,
1257,1.562500e-02,-1.562500e-02,
1258,3.125000e-02,-1.562500e-02,
1259,0.000000e+00,-6.250000e-02,
1260,0.000000e+00,-6.250000e-02,
1261,-3.125000e-02,-1.093750e-01,
1262,-1.562500e-02,-1.093750e-01,
1263,-6.250000e-02,-1.718750e-01,
1264,-6.250000e-02,-1.562500e-01,
1265,-9.375000e-02,-2.187500e-01,
1266,-9.375000e-02,-2.031250e-01,
1267,-1.406250e-01,-2.656250e-01,
1268,-1.406250e-01,-2.656250e-01,
1269,-1.718750e-01,-3.125000e-01,
1270,-1.718750e-01,-3.125000e-01,
1271,-2.187500e-01,-3.437500e-01,
1272,-2.031250e-01,-3.437500e-01,
1273,-2.500000e-01,-3.906250e-01,
1274,-2.343750e-01,-3.750000e-01,
1275,-2.656250e-01,-4.218750e-01,
1276,-2.656250e-01,-4.062500e-01,
1277,-2.968750e-01,-4.375000e-01,
1278,-2.812500e-01,-4.375000e-01,
1279,-3.125000e-01,-4.531250e-01,
1280,-2.968750e-01,-4.531250e-01,
1281,-3.125000e-01,-4.687500e-01,
1282,-3.125000e-01,-4.531250e-01,
1283,-3.125000e-01,-4.687500e-01,
1284,-3.125000e-01,-4.531250e-01,
1285,-2.968750e-01,-4.687500e-01,
1286,-2.968750e-01,-4.531250e-01,
1287,-2.812500e-01,-4.375000e-01,
1288,-2.968750e-01,-4.375000e-01,
1289,-2.656250e-01,-4.062500e-01,
1290,-2.656250e-01,-4.218750e-01,
1291,-2.343750e-01,-3.750000e-01,
1292,-2.500000e-01,-3.906250e-01,
1293,-2.031250e-01,-3.437500e-01,
1294,-2.187500e-01,-3.437500e-01,
1295,-1.718750e-01,-2.968750e-01,
1296,-1.875000e-01,-3.125000e-01,
1297,-1.406250e-01,-2.500000e-01,
1298,-1.406250e-01,-2.656250e-01,
1299,-9.375000e-02,-2.031250e-01,
1300,-9.375000e-02,-2.187500e-01,
1301,-6.250000e-02,-1.562500e-01,
1302,-6.250000e-02,-1.562500e-01,
1303,-1.562500e-02,-1.093750e-01,
1304,-3.125000e-02,-1.093750e-01,
1305,0.000000e+00,-4.687500e-02,
1306,0.000000e+00,-6.250000e-02,
1307,3.125000e-02,0.000000e+00,
1308,1.562500e-02,0.000000e+00,
1309,4.687500e-02,4.687500e-02,
1310,3.125000e-02,4.687500e-02,
1311,7.812500e-02,9.375000e-02,
1312,6.250000e-02,9.375000e-02,
1313,1.093750e-01,1.562500e-01,
1314,1.093750e-01,1.406250e-01,
1315,1.406250e-01,2.031250e-01,
1316,1.406250e-01,2.031250e-01,
1317,1.875000e-01,2.500000e-01,
1318,1.875000e-01,2.500000e-01,
1319,2.187500e-01,2.968750e-01,
1320,2.187500e-01,2.968750e-01,
1321,2.656250e-01,3.437500e-01,
1322,2.500000e-01,3.281250e-01,
1323,2.812500e-01,3.750000e-01,
1324,2.812500e-01,3.750000e-01,
1325,3.125000e-01,4.062500e-01,
1326,3.125000e-01,3.906250e-01,
1327,3.437500e-01,4.218750e-01,
1328,3.281250e-01,4.218750e-01,
1329,3.437500e-01,4.375000e-01,
1330,3.437500e-01,4.375000e-01,
1331,3.593750e-01,4.531250e-01,
1332,3.593750e-01,4.375000e-01,
1333,3.437500e-01,4.531250e-01,
1334,3.593750e-01,4.375000e-01,
1335,3.437500e-01,4.531250e-01,
1336,3.437500e-01,4.375000e-01,
1337,3.281250e-01,4.218750e-01,
1338,3.281250e-01,4.218750e-01,
1339,3.125000e-01,3.906250e-01,
1340,3.125000e-01,4.062500e-01,
1341,2.812500e-01,3.593750e-01,
1342,2.968750e-01,3.750000e-01,
1343,2.500000e-01,3.281250e-01,
1344,2.656250e-01,3.281250e-01,
1345,2.187500e-01,2.812500e-01,
1346,2.187500e-01,2.968750e-01,
1347,1.875000e-01,2.343750e-01,
1348,1.875000e-01,2.500000e-01,
1349,1.406250e-01,1.875000e-01,
1350,1.406250e-01,2.031250e-01,
1351,9.375000e-02,1.406250e-01,
1352,1.093750e-01,1.406250e-01,
1353,6.250000e-02,9.375000e-02,
1354,6.250000e-02,9.375000e-02,
1355,3.125000e-02,3.125000e-02,
1356,4.687500e-02,4.687500e-02,
1357,1.562500e-02,-1.562500e-02,
1358,3.125000e-02,-1.562500e-02,
1359,0.000000e+00,-6.250000e-02,
1360,0.000000e+00,-6.250000e-02,
1361,-3.125000e-02,-1.093750e-01,
1362,-1.562500e-02,-1.093750e-01,
1363,-6.250000e-02,-1.718750e-01,
1364,-6.250000e-02,-1.562500e-01,
1365,-1.093750e-01,-2.187500e-01,
1366,-9.375000e-02,-2.031250e-01,
1367,-1.406250e-01,-2.656250e-01,
1368,-1.406250e-01,-2.656250e-01,
1369,-1.875000e-01,-3.125000e-01,
1370,-1.718750e-01,-3.125000e-01,
1371,-2.187500e-01,-3.593750e-01,
1372,-2.031250e-01,-3.437500e-01,
1373,-2.500000e-01,-3.906250e-01,
1374,-2.500000e-01,-3.750000e-01,
1375,-2.812500e-01,-4.218750e-01,
1376,-2.656250e-01,-4.062500e-01,
1377,-2.968750e-01,-4.375000e-01,
1378,-2.812500e-01,-4.375000e-01,
1379,-3.125000e-01,-4.531250e-01,
1380,-2.968750e-01,-4.531250e-01,
1381,-3.125000e-01,-4.687500e-01,
1382,-3.125000e-01,-4.687500e-01,
1383,-3.125000e-01,-4.531250e-01,
1384,-3.125000e-01,-4.531250e-01,
1385,-2.968750e-01,-4.687500e-01,
1386,-3.125000e-01,-4.531250e-01,
1387,-2.812500e-01,-4.375000e-01,
1388,-2.968750e-01,-4.375000e-01,
1389,-2.656250e-01,-4.062500e-01,
1390,-2.812500e-01,-4.218750e-01,
1391,-2.500000e-01,-3.750000e-01,
1392,-2.500000e-01,-3.906250e-01,
1393,-2.187500e-01,-3.437500e-01,
1394,-2.187500e-01,-3.437500e-01,
1395,-1.718750e-01,-3.125000e-01,
1396,-1.875000e-01,-3.125000e-01,
1397,-1.406250e-01,-2.656250e-01,
1398,-1.406250e-01,-2.656250e-01,
1399,-9.375000e-02,-2.031250e-01,
