X,CH1,CH2,Start,Increment,
Sequence,Volt,Volt,-7.000000e-05,9.999999e-08,
0,3.906250e-02,7.812500e+00,
1,3.125000e-02,7.843750e+00,
2,3.281250e-02,7.828125e+00,
3,2.500000e-02,7.859375e+00,
4,2.656250e-02,7.859375e+00,
5,1.875000e-02,7.890625e+00,
6,2.031250e-02,7.875000e+00,
7,1.406250e-02,7.906250e+00,
8,1.406250e-02,7.906250e+00,
9,7.812500e-03,7.937500e+00,
10,9.375000e-03,7.921875e+00,
11,1.562500e-03,7.953125e+00,
12,3.125000e-03,7.953125e+00,
13,-4.687500e-03,7.984375e+00,
14,-3.125000e-03,7.984375e+00,
15,-1.093750e-02,8.015625e+00,
16,-9.375000e-03,8.000000e+00,
17,-1.718750e-02,8.031250e+00,
18,-1.718750e-02,8.031250e+00,
19,-2.343750e-02,8.046875e+00,
20,-2.187500e-02,8.046875e+00,
21,-2.968750e-02,8.078125e+00,
22,-2.656250e-02,8.078125e+00,
23,-3.437500e-02,8.109375e+00,
24,-3.281250e-02,8.093750e+00,
25,-3.906250e-02,8.125000e+00,
26,-3.906250e-02,8.109375e+00,
27,-4.531250e-02,8.156250e+00,
28,-4.375000e-02,8.140625e+00,
29,-5.156250e-02,8.171875e+00,
30,-5.000000e-02,8.171875e+00,
31,-5.781250e-02,8.187500e+00,
32,-5.312500e-02,8.187500e+00,
33,-6.250000e-02,8.218750e+00,
34,-5.937500e-02,8.218750e+00,
35,-6.562500e-02,8.234375e+00,
36,-6.406250e-02,8.218750e+00,
37,-7.031250e-02,8.250000e+00,
38,-7.031250e-02,8.234375e+00,
39,-7.500000e-02,8.265625e+00,
40,-7.343750e-02,8.250000e+00,
41,-7.812500e-02,8.281250e+00,
42,-7.812500e-02,8.281250e+00,
43,-8.281250e-02,8.296875e+00,
44,-8.125000e-02,8.281250e+00,
45,-8.593750e-02,8.312500e+00,
46,-8.437500e-02,8.296875e+00,
47,-8.906250e-02,8.328125e+00,
48,-8.750000e-02,8.312500e+00,
49,-9.062500e-02,8.343750e+00,
50,-9.062500e-02,8.343750e+00,
51,-9.375000e-02,8.328125e+00,
52,-9.062500e-02,8.343750e+00,
53,-9.531250e-02,8.359375e+00,
54,-9.062500e-02,8.343750e+00,
55,-9.687500e-02,8.359375e+00,
56,-9.687500e-02,8.359375e+00,
57,-9.375000e-02,8.343750e+00,
58,-9.531250e-02,8.359375e+00,
59,-9.843750e-02,8.375000e+00,
60,-9.843750e-02,8.375000e+00,
61,-9.531250e-02,8.359375e+00,
62,-9.687500e-02,8.359375e+00,
63,-9.843750e-02,8.375000e+00,
64,-9.531250e-02,8.375000e+00,
65,-9.843750e-02,8.359375e+00,
66,-9.375000e-02,8.359375e+00,
67,-9.843750e-02,8.375000e+00,
68,-9.218750e-02,8.375000e+00,
69,-9.687500e-02,8.343750e+00,
70,-9.531250e-02,8.343750e+00,
71,-8.906250e-02,8.375000e+00,
72,-9.375000e-02,8.343750e+00,
73,-8.906250e-02,8.359375e+00,
74,-9.062500e-02,8.359375e+00,
75,-8.750000e-02,8.328125e+00,
76,-8.750000e-02,8.343750e+00,
77,-8.281250e-02,8.312500e+00,
78,-8.593750e-02,8.328125e+00,
79,-7.812500e-02,8.312500e+00,
80,-8.125000e-02,8.312500e+00,
81,-7.656250e-02,8.296875e+00,
82,-7.812500e-02,8.296875e+00,
83,-7.343750e-02,8.281250e+00,
84,-7.343750e-02,8.296875e+00,
85,-6.875000e-02,8.265625e+00,
86,-6.875000e-02,8.281250e+00,
87,-6.250000e-02,8.250000e+00,
88,-6.562500e-02,8.250000e+00,
89,-5.937500e-02,8.234375e+00,
90,-6.093750e-02,8.218750e+00,
91,-5.312500e-02,8.234375e+00,
92,-5.468750e-02,8.218750e+00,
93,-4.843750e-02,8.187500e+00,
94,-4.843750e-02,8.203125e+00,
95,-4.375000e-02,8.171875e+00,
96,-4.375000e-02,8.171875e+00,
97,-3.750000e-02,8.156250e+00,
98,-3.906250e-02,8.156250e+00,
99,-3.281250e-02,8.125000e+00,
100,-3.281250e-02,8.140625e+00,
101,-2.656250e-02,8.109375e+00,
102,-2.656250e-02,8.109375e+00,
103,-2.031250e-02,8.078125e+00,
104,-2.031250e-02,8.093750e+00,
105,-1.093750e-02,8.062500e+00,
106,-1.562500e-02,8.062500e+00,
107,-4.687500e-03,8.031250e+00,
108,-9.375000e-03,8.046875e+00,
109,0.000000e+00,8.015625e+00,
110,-3.125000e-03,8.015625e+00,
111,4.687500e-03,7.984375e+00,
112,3.125000e-03,8.000000e+00,
113,1.250000e-02,7.953125e+00,
114,1.093750e-02,7.968750e+00,
115,1.718750e-02,7.937500e+00,
116,1.562500e-02,7.937500e+00,
117,2.343750e-02,7.906250e+00,
118,2.031250e-02,7.921875e+00,
119,2.968750e-02,7.875000e+00,
120,2.812500e-02,7.890625e+00,
121,3.437500e-02,7.859375e+00,
122,3.437500e-02,7.875000e+00,
123,4.062500e-02,7.843750e+00,
124,3.906250e-02,7.843750e+00,
125,4.531250e-02,7.812500e+00,
126,4.531250e-02,7.828125e+00,
127,5.000000e-02,7.796875e+00,
128,5.000000e-02,7.812500e+00,
129,5.625000e-02,7.781250e+00,
130,5.625000e-02,7.781250e+00,
131,6.093750e-02,7.750000e+00,
132,5.937500e-02,7.765625e+00,
133,6.562500e-02,7.734375e+00,
134,6.406250e-02,7.750000e+00,
135,6.875000e-02,7.718750e+00,
136,6.875000e-02,7.718750e+00,
137,7.343750e-02,7.703125e+00,
138,7.343750e-02,7.703125e+00,
139,7.968750e-02,7.687500e+00,
140,7.656250e-02,7.687500e+00,
141,8.125000e-02,7.671875e+00,
142,8.125000e-02,7.671875e+00,
143,8.437500e-02,7.656250e+00,
144,8.281250e-02,7.656250e+00,
145,8.750000e-02,7.671875e+00,
146,8.437500e-02,7.656250e+00,
147,9.062500e-02,7.640625e+00,
148,8.750000e-02,7.640625e+00,
149,9.218750e-02,7.625000e+00,
150,9.062500e-02,7.640625e+00,
151,9.375000e-02,7.609375e+00,
152,9.218750e-02,7.609375e+00,
153,9.531250e-02,7.625000e+00,
154,9.375000e-02,7.625000e+00,
155,9.687500e-02,7.593750e+00,
156,9.375000e-02,7.609375e+00,
157,9.687500e-02,7.593750e+00,
158,9.687500e-02,7.609375e+00,
159,9.375000e-02,7.593750e+00,
160,9.687500e-02,7.593750e+00,
161,9.375000e-02,7.609375e+00,
162,9.687500e-02,7.609375e+00,
163,9.375000e-02,7.593750e+00,
164,9.687500e-02,7.609375e+00,
165,9.375000e-02,7.593750e+00,
166,9.531250e-02,7.609375e+00,
167,9.062500e-02,7.593750e+00,
168,9.375000e-02,7.609375e+00,
169,8.906250e-02,7.625000e+00,
170,9.218750e-02,7.609375e+00,
171,8.750000e-02,7.640625e+00,
172,8.906250e-02,7.625000e+00,
173,8.437500e-02,7.640625e+00,
174,8.593750e-02,7.625000e+00,
175,8.281250e-02,7.656250e+00,
176,8.281250e-02,7.656250e+00,
177,7.968750e-02,7.640625e+00,
178,8.125000e-02,7.656250e+00,
179,7.500000e-02,7.671875e+00,
180,7.656250e-02,7.671875e+00,
181,7.187500e-02,7.687500e+00,
182,7.343750e-02,7.671875e+00,
183,6.562500e-02,7.703125e+00,
184,7.031250e-02,7.687500e+00,
185,6.250000e-02,7.718750e+00,
186,6.562500e-02,7.703125e+00,
187,5.781250e-02,7.734375e+00,
188,5.937500e-02,7.718750e+00,
189,5.468750e-02,7.750000e+00,
190,5.468750e-02,7.750000e+00,
191,4.687500e-02,7.765625e+00,
192,5.000000e-02,7.765625e+00,
193,4.375000e-02,7.796875e+00,
194,4.375000e-02,7.781250e+00,
195,3.750000e-02,7.812500e+00,
196,3.906250e-02,7.812500e+00,
197,3.125000e-02,7.843750e+00,
198,3.281250e-02,7.828125e+00,
199,2.656250e-02,7.859375e+00,
200,2.656250e-02,7.859375e+00,
201,2.031250e-02,7.875000e+00,
202,2.031250e-02,7.875000e+00,
203,1.406250e-02,7.906250e+00,
204,1.406250e-02,7.906250e+00,
205,7.812500e-03,7.937500e+00,
206,7.812500e-03,7.921875e+00,
207,1.562500e-03,7.953125e+00,
208,3.125000e-03,7.953125e+00,
209,-4.687500e-03,7.984375e+00,
210,-4.687500e-03,7.968750e+00,
211,-1.093750e-02,8.000000e+00,
212,-9.375000e-03,8.000000e+00,
213,-1.718750e-02,8.031250e+00,
214,-1.406250e-02,8.031250e+00,
215,-2.343750e-02,8.046875e+00,
216,-2.187500e-02,8.046875e+00,
217,-2.968750e-02,8.078125e+00,
218,-2.812500e-02,8.062500e+00,
219,-3.437500e-02,8.109375e+00,
220,-3.437500e-02,8.093750e+00,
221,-4.062500e-02,8.125000e+00,
222,-3.906250e-02,8.125000e+00,
223,-4.687500e-02,8.156250e+00,
224,-4.531250e-02,8.140625e+00,
225,-5.000000e-02,8.171875e+00,
226,-5.000000e-02,8.171875e+00,
227,-5.781250e-02,8.187500e+00,
228,-5.312500e-02,8.187500e+00,
229,-6.093750e-02,8.203125e+00,
230,-5.937500e-02,8.203125e+00,
231,-6.562500e-02,8.234375e+00,
232,-6.562500e-02,8.218750e+00,
233,-6.875000e-02,8.250000e+00,
234,-6.875000e-02,8.234375e+00,
235,-7.500000e-02,8.265625e+00,
236,-7.343750e-02,8.250000e+00,
237,-7.812500e-02,8.281250e+00,
238,-7.812500e-02,8.265625e+00,
239,-8.281250e-02,8.296875e+00,
240,-8.125000e-02,8.296875e+00,
241,-8.593750e-02,8.312500e+00,
242,-8.437500e-02,8.296875e+00,
243,-8.750000e-02,8.328125e+00,
244,-8.593750e-02,8.312500e+00,
245,-9.062500e-02,8.343750e+00,
246,-8.906250e-02,8.328125e+00,
247,-9.218750e-02,8.343750e+00,
248,-9.218750e-02,8.343750e+00,
249,-9.531250e-02,8.359375e+00,
250,-9.687500e-02,8.343750e+00,
251,-9.218750e-02,8.359375e+00,
252,-9.375000e-02,8.359375e+00,
253,-9.687500e-02,8.343750e+00,
254,-9.375000e-02,8.343750e+00,
255,-9.843750e-02,8.375000e+00,
256,-9.843750e-02,8.359375e+00,
257,-9.375000e-02,8.375000e+00,
258,-9.843750e-02,8.359375e+00,
259,-9.531250e-02,8.375000e+00,
260,-9.687500e-02,8.375000e+00,
261,-9.531250e-02,8.359375e+00,
262,-9.687500e-02,8.359375e+00,
263,-9.218750e-02,8.375000e+00,
264,-9.687500e-02,8.343750e+00,
265,-9.062500e-02,8.375000e+00,
266,-9.531250e-02,8.359375e+00,
267,-8.906250e-02,8.343750e+00,
268,-9.218750e-02,8.343750e+00,
269,-8.750000e-02,8.359375e+00,
270,-9.062500e-02,8.343750e+00,
271,-8.593750e-02,8.328125e+00,
272,-8.750000e-02,8.343750e+00,
273,-8.281250e-02,8.312500e+00,
274,-8.437500e-02,8.328125e+00,
275,-7.968750e-02,8.296875e+00,
276,-7.968750e-02,8.312500e+00,
277,-7.500000e-02,8.296875e+00,
278,-7.656250e-02,8.296875e+00,
279,-7.187500e-02,8.281250e+00,
280,-7.187500e-02,8.281250e+00,
281,-6.718750e-02,8.265625e+00,
282,-6.875000e-02,8.281250e+00,
283,-6.250000e-02,8.250000e+00,
284,-6.406250e-02,8.250000e+00,
285,-5.937500e-02,8.234375e+00,
286,-5.937500e-02,8.234375e+00,
287,-5.312500e-02,8.218750e+00,
288,-5.625000e-02,8.218750e+00,
289,-4.843750e-02,8.187500e+00,
290,-5.000000e-02,8.203125e+00,
291,-4.375000e-02,8.171875e+00,
292,-4.375000e-02,8.187500e+00,
293,-3.750000e-02,8.156250e+00,
294,-3.906250e-02,8.156250e+00,
295,-3.125000e-02,8.125000e+00,
296,-3.281250e-02,8.140625e+00,
297,-2.656250e-02,8.093750e+00,
298,-2.656250e-02,8.109375e+00,
299,-2.031250e-02,8.078125e+00,
300,-2.031250e-02,8.093750e+00,
301,-1.406250e-02,8.046875e+00,
302,-1.562500e-02,8.062500e+00,
303,-7.812500e-03,8.031250e+00,
304,-9.375000e-03,8.031250e+00,
305,0.000000e+00,8.015625e+00,
306,-3.125000e-03,8.015625e+00,
307,4.687500e-03,7.984375e+00,
308,4.687500e-03,7.984375e+00,
309,1.093750e-02,7.953125e+00,
310,9.375000e-03,7.968750e+00,
311,1.718750e-02,7.937500e+00,
312,1.562500e-02,7.937500e+00,
313,2.343750e-02,7.906250e+00,
314,2.187500e-02,7.921875e+00,
315,2.812500e-02,7.890625e+00,
316,2.812500e-02,7.890625e+00,
317,3.437500e-02,7.859375e+00,
318,3.437500e-02,7.875000e+00,
319,4.062500e-02,7.843750e+00,
320,3.906250e-02,7.843750e+00,
321,4.531250e-02,7.812500e+00,
322,4.531250e-02,7.828125e+00,
323,5.156250e-02,7.796875e+00,
324,5.000000e-02,7.812500e+00,
325,5.625000e-02,7.781250e+00,
326,5.625000e-02,7.781250e+00,
327,6.093750e-02,7.750000e+00,
328,5.937500e-02,7.765625e+00,
329,6.562500e-02,7.734375e+00,
330,6.406250e-02,7.734375e+00,
331,7.031250e-02,7.718750e+00,
332,6.718750e-02,7.718750e+00,
333,7.343750e-02,7.703125e+00,
334,7.187500e-02,7.703125e+00,
335,7.812500e-02,7.687500e+00,
336,7.656250e-02,7.687500e+00,
337,8.125000e-02,7.671875e+00,
338,7.968750e-02,7.671875e+00,
339,8.437500e-02,7.656250e+00,
340,8.281250e-02,7.671875e+00,
341,8.750000e-02,7.640625e+00,
342,8.593750e-02,7.656250e+00,
343,9.218750e-02,7.640625e+00,
344,8.593750e-02,7.640625e+00,
345,9.375000e-02,7.625000e+00,
346,9.375000e-02,7.640625e+00,
347,8.906250e-02,7.609375e+00,
348,9.062500e-02,7.640625e+00,
349,9.531250e-02,7.609375e+00,
350,9.375000e-02,7.609375e+00,
351,9.687500e-02,7.625000e+00,
352,9.375000e-02,7.609375e+00,
353,9.687500e-02,7.593750e+00,
354,9.687500e-02,7.609375e+00,
355,9.375000e-02,7.593750e+00,
356,9.531250e-02,7.609375e+00,
357,9.687500e-02,7.609375e+00,
358,9.531250e-02,7.609375e+00,
359,9.375000e-02,7.593750e+00,
360,9.375000e-02,7.625000e+00,
361,9.531250e-02,7.593750e+00,
362,9.375000e-02,7.609375e+00,
363,9.218750e-02,7.625000e+00,
364,9.375000e-02,7.609375e+00,
365,9.062500e-02,7.625000e+00,
366,9.375000e-02,7.609375e+00,
367,8.750000e-02,7.625000e+00,
368,8.906250e-02,7.625000e+00,
369,8.593750e-02,7.640625e+00,
370,8.750000e-02,7.625000e+00,
371,8.125000e-02,7.656250e+00,
372,8.281250e-02,7.656250e+00,
373,7.968750e-02,7.640625e+00,
374,8.125000e-02,7.656250e+00,
375,7.656250e-02,7.671875e+00,
376,7.656250e-02,7.671875e+00,
377,7.187500e-02,7.687500e+00,
378,7.343750e-02,7.671875e+00,
379,6.718750e-02,7.703125e+00,
380,6.875000e-02,7.687500e+00,
381,6.093750e-02,7.718750e+00,
382,6.406250e-02,7.703125e+00,
383,5.937500e-02,7.734375e+00,
384,5.937500e-02,7.734375e+00,
385,5.156250e-02,7.750000e+00,
386,5.468750e-02,7.750000e+00,
387,4.843750e-02,7.781250e+00,
388,5.000000e-02,7.765625e+00,
389,4.375000e-02,7.796875e+00,
390,4.375000e-02,7.781250e+00,
391,3.750000e-02,7.812500e+00,
392,3.906250e-02,7.812500e+00,
393,3.281250e-02,7.828125e+00,
394,3.281250e-02,7.828125e+00,
395,2.656250e-02,7.859375e+00,
396,2.656250e-02,7.859375e+00,
397,2.031250e-02,7.890625e+00,
398,2.187500e-02,7.875000e+00,
399,1.406250e-02,7.906250e+00,
400,1.562500e-02,7.906250e+00,
401,9.375000e-03,7.921875e+00,
402,9.375000e-03,7.921875e+00,
403,1.562500e-03,7.953125e+00,
404,3.125000e-03,7.953125e+00,
405,-4.687500e-03,7.984375e+00,
406,-1.562500e-03,7.968750e+00,
407,-9.375000e-03,8.015625e+00,
408,-9.375000e-03,8.000000e+00,
409,-1.406250e-02,8.031250e+00,
410,-1.406250e-02,8.031250e+00,
411,-2.187500e-02,8.062500e+00,
412,-2.031250e-02,8.046875e+00,
413,-2.812500e-02,8.078125e+00,
414,-2.812500e-02,8.062500e+00,
415,-3.281250e-02,8.109375e+00,
416,-3.281250e-02,8.093750e+00,
417,-3.906250e-02,8.125000e+00,
418,-3.906250e-02,8.125000e+00,
419,-4.531250e-02,8.156250e+00,
420,-4.375000e-02,8.140625e+00,
421,-5.156250e-02,8.171875e+00,
422,-5.000000e-02,8.171875e+00,
423,-5.625000e-02,8.187500e+00,
424,-5.468750e-02,8.171875e+00,
425,-6.093750e-02,8.218750e+00,
426,-5.937500e-02,8.203125e+00,
427,-6.406250e-02,8.234375e+00,
428,-6.406250e-02,8.218750e+00,
429,-7.031250e-02,8.250000e+00,
430,-6.875000e-02,8.234375e+00,
431,-7.500000e-02,8.265625e+00,
432,-7.343750e-02,8.265625e+00,
433,-7.656250e-02,8.281250e+00,
434,-7.656250e-02,8.281250e+00,
435,-8.125000e-02,8.296875e+00,
436,-7.968750e-02,8.281250e+00,
437,-8.437500e-02,8.312500e+00,
438,-8.281250e-02,8.296875e+00,
439,-8.750000e-02,8.312500e+00,
440,-8.593750e-02,8.312500e+00,
441,-8.906250e-02,8.328125e+00,
442,-8.906250e-02,8.328125e+00,
443,-9.218750e-02,8.343750e+00,
444,-9.062500e-02,8.328125e+00,
445,-9.375000e-02,8.359375e+00,
446,-9.218750e-02,8.343750e+00,
447,-9.531250e-02,8.359375e+00,
448,-9.375000e-02,8.359375e+00,
449,-9.687500e-02,8.343750e+00,
450,-9.375000e-02,8.359375e+00,
451,-9.687500e-02,8.343750e+00,
452,-9.531250e-02,8.359375e+00,
453,-9.843750e-02,8.375000e+00,
454,-9.687500e-02,8.359375e+00,
455,-9.531250e-02,8.375000e+00,
456,-9.687500e-02,8.359375e+00,
457,-9.375000e-02,8.375000e+00,
458,-9.687500e-02,8.359375e+00,
459,-9.218750e-02,8.375000e+00,
460,-9.843750e-02,8.359375e+00,
461,-9.062500e-02,8.375000e+00,
462,-9.531250e-02,8.359375e+00,
463,-8.906250e-02,8.343750e+00,
464,-9.218750e-02,8.359375e+00,
465,-8.750000e-02,8.343750e+00,
466,-9.062500e-02,8.359375e+00,
467,-8.593750e-02,8.328125e+00,
468,-8.750000e-02,8.343750e+00,
469,-8.281250e-02,8.328125e+00,
470,-8.437500e-02,8.328125e+00,
471,-8.125000e-02,8.312500e+00,
472,-8.125000e-02,8.312500e+00,
473,-7.656250e-02,8.296875e+00,
474,-7.656250e-02,8.296875e+00,
475,-7.187500e-02,8.281250e+00,
476,-7.343750e-02,8.296875e+00,
477,-6.718750e-02,8.265625e+00,
478,-6.875000e-02,8.281250e+00,
479,-6.406250e-02,8.250000e+00,
480,-6.406250e-02,8.265625e+00,
481,-5.781250e-02,8.234375e+00,
482,-6.093750e-02,8.234375e+00,
483,-5.312500e-02,8.218750e+00,
484,-5.625000e-02,8.218750e+00,
485,-5.000000e-02,8.187500e+00,
486,-5.156250e-02,8.203125e+00,
487,-4.375000e-02,8.171875e+00,
488,-4.375000e-02,8.187500e+00,
489,-3.750000e-02,8.156250e+00,
490,-3.750000e-02,8.156250e+00,
491,-3.125000e-02,8.125000e+00,
492,-3.281250e-02,8.140625e+00,
493,-2.656250e-02,8.109375e+00,
494,-2.812500e-02,8.109375e+00,
495,-2.031250e-02,8.078125e+00,
496,-2.187500e-02,8.093750e+00,
497,-1.406250e-02,8.062500e+00,
498,-1.562500e-02,8.062500e+00,
499,-7.812500e-03,8.031250e+00,
500,-9.375000e-03,8.046875e+00,
501,0.000000e+00,8.015625e+00,
502,-3.125000e-03,8.015625e+00,
503,4.687500e-03,7.984375e+00,
504,3.125000e-03,8.000000e+00,
505,1.093750e-02,7.968750e+00,
506,9.375000e-03,7.968750e+00,
507,1.562500e-02,7.937500e+00,
508,1.406250e-02,7.953125e+00,
509,2.187500e-02,7.906250e+00,
510,2.187500e-02,7.921875e+00,
511,2.812500e-02,7.890625e+00,
512,2.656250e-02,7.890625e+00,
513,3.437500e-02,7.859375e+00,
514,3.281250e-02,7.875000e+00,
515,3.906250e-02,7.843750e+00,
516,3.906250e-02,7.843750e+00,
517,4.531250e-02,7.828125e+00,
518,4.531250e-02,7.828125e+00,
519,5.000000e-02,7.796875e+00,
520,4.843750e-02,7.812500e+00,
521,5.625000e-02,7.781250e+00,
522,5.468750e-02,7.781250e+00,
523,6.250000e-02,7.750000e+00,
524,5.937500e-02,7.765625e+00,
525,6.562500e-02,7.734375e+00,
526,6.406250e-02,7.750000e+00,
527,7.031250e-02,7.718750e+00,
528,6.718750e-02,7.718750e+00,
529,7.343750e-02,7.703125e+00,
530,7.187500e-02,7.703125e+00,
531,7.656250e-02,7.687500e+00,
532,7.656250e-02,7.687500e+00,
533,8.125000e-02,7.671875e+00,
534,7.968750e-02,7.687500e+00,
535,8.437500e-02,7.656250e+00,
536,8.281250e-02,7.671875e+00,
537,8.906250e-02,7.640625e+00,
538,8.437500e-02,7.656250e+00,
539,9.218750e-02,7.625000e+00,
540,8.750000e-02,7.640625e+00,
541,9.375000e-02,7.625000e+00,
542,8.906250e-02,7.640625e+00,
543,9.531250e-02,7.609375e+00,
544,9.218750e-02,7.625000e+00,
545,9.531250e-02,7.609375e+00,
546,9.218750e-02,7.609375e+00,
547,9.687500e-02,7.625000e+00,
548,9.375000e-02,7.609375e+00,
549,9.687500e-02,7.625000e+00,
550,9.531250e-02,7.609375e+00,
551,9.843750e-02,7.593750e+00,
552,9.843750e-02,7.609375e+00,
553,9.531250e-02,7.593750e+00,
554,9.687500e-02,7.609375e+00,
555,9.531250e-02,7.593750e+00,
556,9.687500e-02,7.609375e+00,
557,9.375000e-02,7.593750e+00,
558,9.531250e-02,7.609375e+00,
559,9.062500e-02,7.625000e+00,
560,9.375000e-02,7.609375e+00,
561,8.906250e-02,7.625000e+00,
562,9.375000e-02,7.609375e+00,
563,8.750000e-02,7.625000e+00,
564,9.062500e-02,7.625000e+00,
565,8.593750e-02,7.640625e+00,
566,8.906250e-02,7.625000e+00,
567,8.281250e-02,7.656250e+00,
568,8.593750e-02,7.640625e+00,
569,7.968750e-02,7.656250e+00,
570,8.125000e-02,7.656250e+00,
571,7.656250e-02,7.671875e+00,
572,7.812500e-02,7.656250e+00,
573,7.343750e-02,7.687500e+00,
574,7.343750e-02,7.671875e+00,
575,6.875000e-02,7.703125e+00,
576,7.031250e-02,7.687500e+00,
577,6.250000e-02,7.718750e+00,
578,6.562500e-02,7.703125e+00,
579,5.781250e-02,7.734375e+00,
580,6.250000e-02,7.718750e+00,
581,5.312500e-02,7.750000e+00,
582,5.625000e-02,7.734375e+00,
583,5.000000e-02,7.781250e+00,
584,5.000000e-02,7.765625e+00,
585,4.375000e-02,7.796875e+00,
586,4.531250e-02,7.781250e+00,
587,3.906250e-02,7.812500e+00,
588,3.906250e-02,7.812500e+00,
589,3.281250e-02,7.843750e+00,
590,3.437500e-02,7.828125e+00,
591,2.656250e-02,7.859375e+00,
592,2.812500e-02,7.859375e+00,
593,2.031250e-02,7.890625e+00,
594,2.187500e-02,7.875000e+00,
595,1.562500e-02,7.906250e+00,
596,1.562500e-02,7.906250e+00,
597,7.812500e-03,7.937500e+00,
598,9.375000e-03,7.921875e+00,
599,1.562500e-03,7.953125e+00,
600,3.125000e-03,7.953125e+00,
601,-3.125000e-03,7.984375e+00,
602,-1.562500e-03,7.968750e+00,
603,-1.093750e-02,8.000000e+00,
604,-7.812500e-03,8.000000e+00,
605,-1.562500e-02,8.031250e+00,
606,-1.406250e-02,8.031250e+00,
607,-2.187500e-02,8.046875e+00,
608,-2.031250e-02,8.046875e+00,
609,-2.812500e-02,8.078125e+00,
610,-2.812500e-02,8.078125e+00,
611,-3.437500e-02,8.109375e+00,
612,-3.281250e-02,8.093750e+00,
613,-4.062500e-02,8.125000e+00,
614,-3.906250e-02,8.125000e+00,
615,-4.531250e-02,8.140625e+00,
616,-4.218750e-02,8.140625e+00,
617,-5.156250e-02,8.171875e+00,
618,-5.000000e-02,8.171875e+00,
619,-5.625000e-02,8.187500e+00,
620,-5.468750e-02,8.187500e+00,
621,-6.093750e-02,8.218750e+00,
622,-5.781250e-02,8.203125e+00,
623,-6.562500e-02,8.234375e+00,
624,-6.406250e-02,8.218750e+00,
625,-7.031250e-02,8.250000e+00,
626,-6.875000e-02,8.234375e+00,
627,-7.500000e-02,8.265625e+00,
628,-7.187500e-02,8.265625e+00,
629,-7.812500e-02,8.281250e+00,
630,-7.656250e-02,8.281250e+00,
631,-8.125000e-02,8.296875e+00,
632,-7.968750e-02,8.296875e+00,
633,-8.593750e-02,8.312500e+00,
634,-8.437500e-02,8.296875e+00,
635,-8.750000e-02,8.328125e+00,
636,-8.750000e-02,8.312500e+00,
637,-9.062500e-02,8.328125e+00,
638,-8.750000e-02,8.343750e+00,
639,-9.375000e-02,8.328125e+00,
640,-9.062500e-02,8.343750e+00,
641,-9.375000e-02,8.359375e+00,
642,-9.218750e-02,8.343750e+00,
643,-9.687500e-02,8.359375e+00,
644,-9.218750e-02,8.359375e+00,
645,-9.843750e-02,8.375000e+00,
646,-9.843750e-02,8.359375e+00,
647,-9.375000e-02,8.375000e+00,
648,-9.531250e-02,8.359375e+00,
649,-9.843750e-02,8.375000e+00,
650,-9.531250e-02,8.359375e+00,
651,-9.843750e-02,8.375000e+00,
652,-9.531250e-02,8.359375e+00,
653,-9.843750e-02,8.375000e+00,
654,-9.843750e-02,8.375000e+00,
655,-9.375000e-02,8.343750e+00,
656,-9.375000e-02,8.375000e+00,
657,-9.843750e-02,8.343750e+00,
658,-9.687500e-02,8.375000e+00,
659,-8.906250e-02,8.343750e+00,
660,-9.375000e-02,8.359375e+00,
661,-8.906250e-02,8.343750e+00,
662,-9.062500e-02,8.343750e+00,
663,-8.593750e-02,8.328125e+00,
664,-8.750000e-02,8.328125e+00,
665,-8.281250e-02,8.343750e+00,
666,-8.437500e-02,8.328125e+00,
667,-7.968750e-02,8.312500e+00,
668,-8.281250e-02,8.312500e+00,
669,-7.812500e-02,8.296875e+00,
670,-7.812500e-02,8.312500e+00,
671,-7.343750e-02,8.281250e+00,
672,-7.500000e-02,8.296875e+00,
673,-6.875000e-02,8.265625e+00,
674,-7.031250e-02,8.281250e+00,
675,-6.406250e-02,8.250000e+00,
676,-6.562500e-02,8.265625e+00,
677,-6.093750e-02,8.234375e+00,
678,-6.093750e-02,8.234375e+00,
679,-5.468750e-02,8.218750e+00,
680,-5.625000e-02,8.218750e+00,
681,-5.000000e-02,8.203125e+00,
682,-5.000000e-02,8.203125e+00,
683,-4.375000e-02,8.171875e+00,
684,-4.375000e-02,8.187500e+00,
685,-3.750000e-02,8.140625e+00,
686,-3.906250e-02,8.156250e+00,
687,-3.281250e-02,8.125000e+00,
688,-3.437500e-02,8.140625e+00,
689,-2.656250e-02,8.109375e+00,
690,-2.812500e-02,8.109375e+00,
691,-2.031250e-02,8.093750e+00,
692,-2.187500e-02,8.093750e+00,
693,-1.406250e-02,8.062500e+00,
694,-1.562500e-02,8.062500e+00,
695,-9.375000e-03,8.046875e+00,
696,-9.375000e-03,8.046875e+00,
697,0.000000e+00,8.015625e+00,
698,-4.687500e-03,8.015625e+00,
699,6.250000e-03,7.984375e+00,
700,3.125000e-03,8.000000e+00,
701,1.093750e-02,7.953125e+00,
702,9.375000e-03,7.968750e+00,
703,1.562500e-02,7.937500e+00,
704,1.562500e-02,7.953125e+00,
705,2.187500e-02,7.906250e+00,
706,2.187500e-02,7.921875e+00,
707,2.812500e-02,7.890625e+00,
708,2.656250e-02,7.890625e+00,
709,3.437500e-02,7.859375e+00,
710,3.281250e-02,7.875000e+00,
711,3.906250e-02,7.843750e+00,
712,3.906250e-02,7.843750e+00,
713,4.531250e-02,7.812500e+00,
714,4.375000e-02,7.828125e+00,
715,5.156250e-02,7.796875e+00,
716,4.843750e-02,7.812500e+00,
717,5.625000e-02,7.781250e+00,
718,5.468750e-02,7.781250e+00,
719,6.093750e-02,7.750000e+00,
720,5.937500e-02,7.765625e+00,
721,6.718750e-02,7.734375e+00,
722,6.406250e-02,7.750000e+00,
723,6.875000e-02,7.718750e+00,
724,6.718750e-02,7.718750e+00,
725,7.500000e-02,7.703125e+00,
726,7.343750e-02,7.703125e+00,
727,7.812500e-02,7.687500e+00,
728,7.656250e-02,7.703125e+00,
729,8.125000e-02,7.671875e+00,
730,7.968750e-02,7.687500e+00,
731,8.437500e-02,7.656250e+00,
732,8.281250e-02,7.671875e+00,
733,8.750000e-02,7.640625e+00,
734,8.593750e-02,7.656250e+00,
735,8.906250e-02,7.640625e+00,
736,8.593750e-02,7.640625e+00,
737,9.375000e-02,7.625000e+00,
738,9.062500e-02,7.625000e+00,
739,9.531250e-02,7.625000e+00,
740,9.218750e-02,7.625000e+00,
741,9.531250e-02,7.609375e+00,
742,9.687500e-02,7.609375e+00,
743,9.375000e-02,7.625000e+00,
744,9.375000e-02,7.609375e+00,
745,9.687500e-02,7.593750e+00,
746,9.687500e-02,7.609375e+00,
747,9.531250e-02,7.593750e+00,
748,9.687500e-02,7.609375e+00,
749,9.375000e-02,7.593750e+00,
750,9.531250e-02,7.593750e+00,
751,9.687500e-02,7.609375e+00,
752,9.687500e-02,7.609375e+00,
753,9.375000e-02,7.593750e+00,
754,9.531250e-02,7.609375e+00,
755,9.218750e-02,7.593750e+00,
756,9.375000e-02,7.609375e+00,
757,8.906250e-02,7.625000e+00,
758,9.218750e-02,7.625000e+00,
759,8.750000e-02,7.609375e+00,
760,9.062500e-02,7.625000e+00,
761,8.437500e-02,7.640625e+00,
762,8.750000e-02,7.625000e+00,
763,8.281250e-02,7.656250e+00,
764,8.437500e-02,7.640625e+00,
765,8.125000e-02,7.656250e+00,
766,8.125000e-02,7.656250e+00,
767,7.500000e-02,7.671875e+00,
768,7.812500e-02,7.671875e+00,
769,7.187500e-02,7.687500e+00,
770,7.343750e-02,7.671875e+00,
771,6.875000e-02,7.703125e+00,
772,6.875000e-02,7.703125e+00,
773,6.250000e-02,7.718750e+00,
774,6.562500e-02,7.703125e+00,
775,5.781250e-02,7.734375e+00,
776,6.093750e-02,7.718750e+00,
777,5.468750e-02,7.750000e+00,
778,5.468750e-02,7.750000e+00,
779,5.000000e-02,7.781250e+00,
780,5.000000e-02,7.765625e+00,
781,4.375000e-02,7.796875e+00,
782,4.375000e-02,7.781250e+00,
783,3.906250e-02,7.812500e+00,
784,3.906250e-02,7.812500e+00,
785,3.125000e-02,7.828125e+00,
786,3.281250e-02,7.828125e+00,
787,2.656250e-02,7.859375e+00,
788,2.656250e-02,7.843750e+00,
789,2.031250e-02,7.875000e+00,
790,2.187500e-02,7.875000e+00,
791,1.562500e-02,7.906250e+00,
792,1.562500e-02,7.890625e+00,
793,7.812500e-03,7.937500e+00,
794,9.375000e-03,7.921875e+00,
795,3.125000e-03,7.953125e+00,
796,3.125000e-03,7.953125e+00,
797,-4.687500e-03,7.984375e+00,
798,-3.125000e-03,7.968750e+00,
799,-1.093750e-02,8.000000e+00,
800,-9.375000e-03,8.000000e+00,
801,-1.562500e-02,8.031250e+00,
802,-1.406250e-02,8.031250e+00,
803,-2.343750e-02,8.046875e+00,
804,-2.031250e-02,8.046875e+00,
805,-2.968750e-02,8.078125e+00,
806,-2.656250e-02,8.062500e+00,
807,-3.437500e-02,8.093750e+00,
808,-3.281250e-02,8.093750e+00,
809,-3.906250e-02,8.125000e+00,
810,-3.906250e-02,8.109375e+00,
811,-4.531250e-02,8.140625e+00,
812,-4.375000e-02,8.140625e+00,
813,-5.156250e-02,8.171875e+00,
814,-4.843750e-02,8.156250e+00,
815,-5.625000e-02,8.187500e+00,
816,-5.312500e-02,8.187500e+00,
817,-6.093750e-02,8.218750e+00,
818,-6.093750e-02,8.203125e+00,
819,-6.562500e-02,8.234375e+00,
820,-6.562500e-02,8.218750e+00,
821,-6.875000e-02,8.250000e+00,
822,-6.875000e-02,8.234375e+00,
823,-7.343750e-02,8.265625e+00,
824,-7.343750e-02,8.265625e+00,
825,-7.812500e-02,8.281250e+00,
826,-7.812500e-02,8.281250e+00,
827,-8.281250e-02,8.296875e+00,
828,-8.125000e-02,8.281250e+00,
829,-8.593750e-02,8.312500e+00,
830,-8.437500e-02,8.296875e+00,
831,-8.906250e-02,8.328125e+00,
832,-8.750000e-02,8.328125e+00,
833,-9.218750e-02,8.312500e+00,
834,-9.062500e-02,8.328125e+00,
835,-9.375000e-02,8.343750e+00,
836,-9.218750e-02,8.343750e+00,
837,-9.531250e-02,8.359375e+00,
838,-9.375000e-02,8.343750e+00,
839,-9.687500e-02,8.359375e+00,
840,-9.687500e-02,8.359375e+00,
841,-9.375000e-02,8.343750e+00,
842,-9.843750e-02,8.359375e+00,
843,-9.375000e-02,8.375000e+00,
844,-9.375000e-02,8.375000e+00,
845,-1.000000e-01,8.359375e+00,
846,-9.843750e-02,8.375000e+00,
847,-9.531250e-02,8.359375e+00,
848,-9.843750e-02,8.359375e+00,
849,-9.531250e-02,8.375000e+00,
850,-9.687500e-02,8.375000e+00,
851,-9.375000e-02,8.359375e+00,
852,-9.531250e-02,8.375000e+00,
853,-9.218750e-02,8.343750e+00,
854,-9.375000e-02,8.359375e+00,
855,-9.062500e-02,8.343750e+00,
856,-9.375000e-02,8.359375e+00,
857,-8.750000e-02,8.343750e+00,
858,-9.062500e-02,8.359375e+00,
859,-8.593750e-02,8.328125e+00,
860,-8.906250e-02,8.343750e+00,
861,-8.437500e-02,8.328125e+00,
862,-8.437500e-02,8.328125e+00,
863,-8.125000e-02,8.312500e+00,
864,-8.125000e-02,8.312500e+00,
865,-7.656250e-02,8.296875e+00,
866,-7.812500e-02,8.312500e+00,
867,-7.343750e-02,8.281250e+00,
868,-7.343750e-02,8.296875e+00,
869,-6.875000e-02,8.265625e+00,
870,-7.031250e-02,8.281250e+00,
871,-6.562500e-02,8.250000e+00,
872,-6.562500e-02,8.265625e+00,
873,-5.937500e-02,8.234375e+00,
874,-6.093750e-02,8.250000e+00,
875,-5.312500e-02,8.218750e+00,
876,-5.468750e-02,8.218750e+00,
877,-4.843750e-02,8.187500e+00,
878,-5.000000e-02,8.203125e+00,
879,-4.218750e-02,8.171875e+00,
880,-4.531250e-02,8.187500e+00,
881,-3.593750e-02,8.156250e+00,
882,-4.062500e-02,8.156250e+00,
883,-3.125000e-02,8.140625e+00,
884,-3.281250e-02,8.140625e+00,
885,-2.656250e-02,8.109375e+00,
886,-2.812500e-02,8.109375e+00,
887,-2.031250e-02,8.078125e+00,
888,-2.187500e-02,8.093750e+00,
889,-1.406250e-02,8.062500e+00,
890,-1.406250e-02,8.062500e+00,
891,-7.812500e-03,8.031250e+00,
892,-9.375000e-03,8.046875e+00,
893,0.000000e+00,8.015625e+00,
894,-4.687500e-03,8.015625e+00,
895,4.687500e-03,7.984375e+00,
896,3.125000e-03,8.000000e+00,
897,1.093750e-02,7.968750e+00,
898,7.812500e-03,7.968750e+00,
899,1.562500e-02,7.937500e+00,
900,1.562500e-02,7.937500e+00,
901,2.187500e-02,7.906250e+00,
902,2.187500e-02,7.921875e+00,
903,2.812500e-02,7.890625e+00,
904,2.656250e-02,7.890625e+00,
905,3.437500e-02,7.875000e+00,
906,3.281250e-02,7.875000e+00,
907,3.906250e-02,7.843750e+00,
908,3.750000e-02,7.843750e+00,
909,4.687500e-02,7.828125e+00,
910,4.531250e-02,7.828125e+00,
911,5.000000e-02,7.796875e+00,
912,5.000000e-02,7.812500e+00,
913,5.468750e-02,7.781250e+00,
914,5.468750e-02,7.781250e+00,
915,6.093750e-02,7.750000e+00,
916,5.937500e-02,7.765625e+00,
917,6.562500e-02,7.734375e+00,
918,6.250000e-02,7.750000e+00,
919,7.031250e-02,7.718750e+00,
920,6.718750e-02,7.718750e+00,
921,7.500000e-02,7.703125e+00,
922,7.187500e-02,7.718750e+00,
923,7.812500e-02,7.687500e+00,
924,7.656250e-02,7.703125e+00,
925,8.125000e-02,7.671875e+00,
926,7.968750e-02,7.687500e+00,
927,8.437500e-02,7.656250e+00,
928,8.281250e-02,7.671875e+00,
929,8.750000e-02,7.640625e+00,
930,8.593750e-02,7.656250e+00,
931,9.062500e-02,7.640625e+00,
932,8.593750e-02,7.656250e+00,
933,9.375000e-02,7.625000e+00,
934,8.906250e-02,7.640625e+00,
935,9.531250e-02,7.609375e+00,
936,9.218750e-02,7.625000e+00,
937,9.531250e-02,7.609375e+00,
938,9.375000e-02,7.609375e+00,
939,9.687500e-02,7.625000e+00,
940,9.687500e-02,7.609375e+00,
941,9.375000e-02,7.593750e+00,
942,9.687500e-02,7.609375e+00,
943,9.531250e-02,7.593750e+00,
944,9.687500e-02,7.609375e+00,
945,9.531250e-02,7.593750e+00,
946,9.687500e-02,7.609375e+00,
947,9.375000e-02,7.593750e+00,
948,9.375000e-02,7.609375e+00,
949,9.687500e-02,7.593750e+00,
950,9.531250e-02,7.609375e+00,
951,9.218750e-02,7.625000e+00,
952,9.375000e-02,7.609375e+00,
953,9.062500e-02,7.625000e+00,
954,9.218750e-02,7.609375e+00,
955,8.906250e-02,7.625000e+00,
956,8.906250e-02,7.625000e+00,
957,8.437500e-02,7.640625e+00,
958,8.906250e-02,7.640625e+00,
959,8.125000e-02,7.625000e+00,
960,8.437500e-02,7.656250e+00,
961,7.968750e-02,7.640625e+00,
962,8.125000e-02,7.656250e+00,
963,7.656250e-02,7.671875e+00,
964,7.812500e-02,7.656250e+00,
965,7.187500e-02,7.687500e+00,
966,7.343750e-02,7.671875e+00,
967,6.875000e-02,7.703125e+00,
968,6.875000e-02,7.687500e+00,
969,6.406250e-02,7.718750e+00,
970,6.562500e-02,7.718750e+00,
971,5.781250e-02,7.734375e+00,
972,6.093750e-02,7.718750e+00,
973,5.312500e-02,7.750000e+00,
974,5.468750e-02,7.734375e+00,
975,4.843750e-02,7.765625e+00,
976,5.000000e-02,7.765625e+00,
977,4.375000e-02,7.796875e+00,
978,4.531250e-02,7.781250e+00,
979,3.906250e-02,7.812500e+00,
980,3.906250e-02,7.812500e+00,
981,3.125000e-02,7.828125e+00,
982,3.281250e-02,7.828125e+00,
983,2.656250e-02,7.859375e+00,
984,2.812500e-02,7.859375e+00,
985,2.031250e-02,7.875000e+00,
986,2.187500e-02,7.875000e+00,
987,1.562500e-02,7.906250e+00,
988,1.718750e-02,7.890625e+00,
989,9.375000e-03,7.937500e+00,
990,1.093750e-02,7.921875e+00,
991,3.125000e-03,7.953125e+00,
992,4.687500e-03,7.953125e+00,
993,-3.125000e-03,7.984375e+00,
994,-3.125000e-03,7.968750e+00,
995,-1.093750e-02,8.000000e+00,
996,-9.375000e-03,8.000000e+00,
997,-1.718750e-02,8.031250e+00,
998,-1.406250e-02,8.015625e+00,
999,-2.187500e-02,8.046875e+00,
1000,-2.031250e-02,8.046875e+00,
1001,-2.656250e-02,8.078125e+00,
1002,-2.656250e-02,8.078125e+00,
1003,-3.281250e-02,8.093750e+00,
1004,-3.281250e-02,8.093750e+00,
1005,-3.906250e-02,8.125000e+00,
1006,-3.750000e-02,8.109375e+00,
1007,-4.531250e-02,8.156250e+00,
1008,-4.375000e-02,8.140625e+00,
1009,-5.156250e-02,8.171875e+00,
1010,-4.843750e-02,8.156250e+00,
1011,-5.625000e-02,8.187500e+00,
1012,-5.312500e-02,8.187500e+00,
1013,-6.093750e-02,8.218750e+00,
1014,-5.781250e-02,8.203125e+00,
1015,-6.406250e-02,8.234375e+00,
1016,-6.406250e-02,8.218750e+00,
1017,-6.875000e-02,8.250000e+00,
1018,-6.875000e-02,8.234375e+00,
1019,-7.343750e-02,8.265625e+00,
1020,-7.187500e-02,8.250000e+00,
1021,-7.812500e-02,8.281250e+00,
1022,-7.656250e-02,8.265625e+00,
1023,-8.125000e-02,8.296875e+00,
1024,-7.968750e-02,8.281250e+00,
1025,-8.593750e-02,8.312500e+00,
1026,-8.281250e-02,8.296875e+00,
1027,-8.750000e-02,8.328125e+00,
1028,-8.593750e-02,8.312500e+00,
1029,-8.906250e-02,8.328125e+00,
1030,-8.750000e-02,8.328125e+00,
1031,-9.218750e-02,8.343750e+00,
1032,-9.062500e-02,8.343750e+00,
1033,-9.375000e-02,8.359375e+00,
1034,-9.062500e-02,8.343750e+00,
1035,-9.843750e-02,8.359375e+00,
1036,-9.687500e-02,8.359375e+00,
1037,-9.218750e-02,8.343750e+00,
1038,-9.375000e-02,8.343750e+00,
1039,-9.843750e-02,8.375000e+00,
1040,-9.375000e-02,8.343750e+00,
1041,-9.843750e-02,8.375000e+00,
1042,-9.843750e-02,8.375000e+00,
1043,-9.531250e-02,8.359375e+00,
1044,-9.687500e-02,8.359375e+00,
1045,-9.531250e-02,8.375000e+00,
1046,-9.687500e-02,8.359375e+00,
1047,-9.375000e-02,8.375000e+00,
1048,-9.531250e-02,8.359375e+00,
1049,-9.218750e-02,8.375000e+00,
1050,-9.531250e-02,8.359375e+00,
1051,-8.906250e-02,8.343750e+00,
1052,-9.375000e-02,8.359375e+00,
1053,-8.750000e-02,8.343750e+00,
1054,-9.062500e-02,8.359375e+00,
1055,-8.593750e-02,8.328125e+00,
1056,-8.750000e-02,8.343750e+00,
1057,-8.281250e-02,8.328125e+00,
1058,-8.437500e-02,8.328125e+00,
1059,-8.125000e-02,8.312500e+00,
1060,-8.125000e-02,8.328125e+00,
1061,-7.656250e-02,8.296875e+00,
1062,-7.656250e-02,8.296875e+00,
1063,-7.187500e-02,8.281250e+00,
1064,-7.343750e-02,8.296875e+00,
1065,-6.718750e-02,8.265625e+00,
1066,-6.875000e-02,8.281250e+00,
1067,-6.406250e-02,8.250000e+00,
1068,-6.406250e-02,8.265625e+00,
1069,-5.937500e-02,8.234375e+00,
1070,-6.093750e-02,8.250000e+00,
1071,-5.312500e-02,8.218750e+00,
1072,-5.468750e-02,8.234375e+00,
1073,-4.843750e-02,8.203125e+00,
1074,-5.000000e-02,8.203125e+00,
1075,-4.218750e-02,8.171875e+00,
1076,-4.531250e-02,8.187500e+00,
1077,-3.750000e-02,8.156250e+00,
1078,-3.906250e-02,8.156250e+00,
1079,-3.281250e-02,8.125000e+00,
1080,-3.281250e-02,8.140625e+00,
1081,-2.656250e-02,8.109375e+00,
1082,-2.812500e-02,8.125000e+00,
1083,-2.031250e-02,8.093750e+00,
1084,-2.187500e-02,8.093750e+00,
1085,-1.406250e-02,8.062500e+00,
1086,-1.562500e-02,8.078125e+00,
1087,-7.812500e-03,8.031250e+00,
1088,-1.093750e-02,8.046875e+00,
1089,-3.125000e-03,8.015625e+00,
1090,-3.125000e-03,8.031250e+00,
1091,3.125000e-03,8.000000e+00,
1092,0.000000e+00,8.000000e+00,
1093,7.812500e-03,7.968750e+00,
1094,7.812500e-03,7.968750e+00,
1095,1.562500e-02,7.937500e+00,
1096,1.406250e-02,7.937500e+00,
1097,2.187500e-02,7.921875e+00,
1098,2.187500e-02,7.921875e+00,
1099,2.812500e-02,7.890625e+00,
1100,2.656250e-02,7.906250e+00,
1101,3.281250e-02,7.875000e+00,
1102,3.281250e-02,7.875000e+00,
1103,3.906250e-02,7.843750e+00,
1104,3.750000e-02,7.859375e+00,
1105,4.531250e-02,7.828125e+00,
1106,4.375000e-02,7.828125e+00,
1107,5.000000e-02,7.796875e+00,
1108,4.843750e-02,7.812500e+00,
1109,5.468750e-02,7.781250e+00,
1110,5.312500e-02,7.781250e+00,
1111,5.937500e-02,7.765625e+00,
1112,5.937500e-02,7.765625e+00,
1113,6.562500e-02,7.734375e+00,
1114,6.406250e-02,7.750000e+00,
1115,6.875000e-02,7.718750e+00,
1116,6.718750e-02,7.718750e+00,
1117,7.343750e-02,7.703125e+00,
1118,7.187500e-02,7.718750e+00,
1119,7.656250e-02,7.687500e+00,
1120,7.656250e-02,7.687500e+00,
1121,7.968750e-02,7.671875e+00,
1122,7.968750e-02,7.687500e+00,
1123,8.437500e-02,7.656250e+00,
1124,8.281250e-02,7.671875e+00,
1125,8.593750e-02,7.656250e+00,
1126,8.593750e-02,7.656250e+00,
1127,8.906250e-02,7.640625e+00,
1128,8.750000e-02,7.640625e+00,
1129,9.218750e-02,7.625000e+00,
1130,8.906250e-02,7.625000e+00,
1131,9.375000e-02,7.640625e+00,
1132,9.062500e-02,7.640625e+00,
1133,9.531250e-02,7.609375e+00,
1134,9.531250e-02,7.609375e+00,
1135,9.218750e-02,7.625000e+00,
1136,9.375000e-02,7.609375e+00,
1137,9.687500e-02,7.625000e+00,
1138,9.687500e-02,7.609375e+00,
1139,9.375000e-02,7.593750e+00,
1140,9.375000e-02,7.609375e+00,
1141,9.687500e-02,7.593750e+00,
1142,9.687500e-02,7.593750e+00,
1143,9.375000e-02,7.609375e+00,
1144,9.531250e-02,7.625000e+00,
1145,9.375000e-02,7.609375e+00,
1146,9.218750e-02,7.609375e+00,
1147,9.531250e-02,7.625000e+00,
1148,9.375000e-02,7.609375e+00,
1149,9.062500e-02,7.625000e+00,
1150,9.218750e-02,7.609375e+00,
1151,8.906250e-02,7.625000e+00,
1152,8.906250e-02,7.625000e+00,
1153,8.437500e-02,7.640625e+00,
1154,8.906250e-02,7.625000e+00,
1155,8.281250e-02,7.656250e+00,
1156,8.437500e-02,7.656250e+00,
1157,7.968750e-02,7.640625e+00,
1158,8.125000e-02,7.656250e+00,
1159,7.656250e-02,7.671875e+00,
1160,7.812500e-02,7.656250e+00,
1161,7.187500e-02,7.687500e+00,
1162,7.343750e-02,7.671875e+00,
1163,6.875000e-02,7.703125e+00,
1164,7.031250e-02,7.687500e+00,
1165,6.406250e-02,7.718750e+00,
1166,6.562500e-02,7.703125e+00,
1167,5.937500e-02,7.734375e+00,
1168,6.093750e-02,7.734375e+00,
1169,5.468750e-02,7.750000e+00,
1170,5.781250e-02,7.765625e+00,
1171,4.843750e-02,7.734375e+00,
1172,5.156250e-02,7.765625e+00,
1173,4.531250e-02,7.796875e+00,
1174,4.531250e-02,7.781250e+00,
1175,4.062500e-02,7.812500e+00,
1176,4.062500e-02,7.796875e+00,
1177,3.437500e-02,7.828125e+00,
1178,3.437500e-02,7.828125e+00,
1179,2.812500e-02,7.859375e+00,
1180,2.812500e-02,7.843750e+00,
1181,2.187500e-02,7.875000e+00,
1182,2.187500e-02,7.859375e+00,
1183,1.562500e-02,7.890625e+00,
1184,1.718750e-02,7.890625e+00,
1185,9.375000e-03,7.921875e+00,
1186,1.093750e-02,7.921875e+00,
1187,3.125000e-03,7.953125e+00,
1188,4.687500e-03,7.937500e+00,
1189,-1.562500e-03,7.968750e+00,
1190,0.000000e+00,7.968750e+00,
1191,-7.812500e-03,8.000000e+00,
1192,-6.250000e-03,8.000000e+00,
1193,-1.562500e-02,8.031250e+00,
1194,-1.250000e-02,8.015625e+00,
1195,-2.187500e-02,8.046875e+00,
1196,-2.031250e-02,8.046875e+00,
1197,-2.656250e-02,8.078125e+00,
1198,-2.656250e-02,8.062500e+00,
1199,-3.281250e-02,8.093750e+00,
1200,-3.125000e-02,8.093750e+00,
1201,-3.750000e-02,8.125000e+00,
1202,-3.750000e-02,8.109375e+00,
1203,-4.531250e-02,8.156250e+00,
1204,-4.375000e-02,8.140625e+00,
1205,-5.000000e-02,8.171875e+00,
1206,-4.843750e-02,8.156250e+00,
1207,-5.625000e-02,8.187500e+00,
1208,-5.468750e-02,8.187500e+00,
1209,-6.093750e-02,8.203125e+00,
1210,-5.937500e-02,8.203125e+00,
1211,-6.562500e-02,8.234375e+00,
1212,-6.406250e-02,8.218750e+00,
1213,-6.875000e-02,8.250000e+00,
1214,-6.875000e-02,8.234375e+00,
1215,-7.343750e-02,8.265625e+00,
1216,-7.187500e-02,8.265625e+00,
1217,-7.812500e-02,8.281250e+00,
1218,-7.500000e-02,8.265625e+00,
1219,-8.125000e-02,8.296875e+00,
1220,-7.968750e-02,8.281250e+00,
1221,-8.437500e-02,8.312500e+00,
1222,-8.281250e-02,8.296875e+00,
1223,-8.750000e-02,8.328125e+00,
1224,-8.437500e-02,8.312500e+00,
1225,-9.062500e-02,8.328125e+00,
1226,-8.906250e-02,8.312500e+00,
1227,-9.218750e-02,8.343750e+00,
1228,-9.062500e-02,8.343750e+00,
1229,-9.375000e-02,8.359375e+00,
1230,-9.218750e-02,8.343750e+00,
1231,-9.687500e-02,8.359375e+00,
1232,-9.218750e-02,8.359375e+00,
1233,-9.843750e-02,8.343750e+00,
1234,-9.687500e-02,8.359375e+00,
1235,-9.375000e-02,8.343750e+00,
1236,-9.531250e-02,8.359375e+00,
1237,-9.843750e-02,8.375000e+00,
1238,-9.531250e-02,8.359375e+00,
1239,-9.843750e-02,8.375000e+00,
1240,-9.843750e-02,8.359375e+00,
1241,-9.531250e-02,8.375000e+00,
1242,-9.687500e-02,8.359375e+00,
1243,-9.375000e-02,8.375000e+00,
1244,-9.218750e-02,8.359375e+00,
1245,-9.843750e-02,8.375000e+00,
1246,-9.531250e-02,8.375000e+00,
1247,-8.906250e-02,8.343750e+00,
1248,-8.906250e-02,8.343750e+00,
1249,-9.375000e-02,8.359375e+00,
1250,-9.062500e-02,8.359375e+00,
1251,-8.593750e-02,8.328125e+00,
1252,-8.750000e-02,8.343750e+00,
1253,-8.437500e-02,8.312500e+00,
1254,-8.593750e-02,8.328125e+00,
1255,-7.968750e-02,8.312500e+00,
1256,-8.125000e-02,8.328125e+00,
1257,-7.812500e-02,8.296875e+00,
1258,-7.812500e-02,8.312500e+00,
1259,-7.343750e-02,8.281250e+00,
1260,-7.343750e-02,8.296875e+00,
1261,-6.875000e-02,8.265625e+00,
1262,-7.031250e-02,8.281250e+00,
1263,-6.406250e-02,8.250000e+00,
1264,-6.562500e-02,8.265625e+00,
1265,-5.937500e-02,8.234375e+00,
1266,-6.093750e-02,8.250000e+00,
1267,-5.625000e-02,8.218750e+00,
1268,-5.625000e-02,8.218750e+00,
1269,-5.000000e-02,8.203125e+00,
1270,-5.156250e-02,8.203125e+00,
1271,-4.375000e-02,8.171875e+00,
1272,-4.687500e-02,8.187500e+00,
1273,-3.750000e-02,8.156250e+00,
1274,-4.062500e-02,8.156250e+00,
1275,-3.281250e-02,8.125000e+00,
1276,-3.593750e-02,8.140625e+00,
1277,-2.812500e-02,8.109375e+00,
1278,-2.812500e-02,8.125000e+00,
1279,-2.187500e-02,8.093750e+00,
1280,-2.187500e-02,8.093750e+00,
1281,-1.562500e-02,8.062500e+00,
1282,-1.718750e-02,8.078125e+00,
1283,-9.375000e-03,8.031250e+00,
1284,-1.093750e-02,8.046875e+00,
1285,-3.125000e-03,8.015625e+00,
1286,-6.250000e-03,8.031250e+00,
1287,3.125000e-03,7.984375e+00,
1288,1.562500e-03,8.000000e+00,
1289,9.375000e-03,7.968750e+00,
1290,7.812500e-03,7.984375e+00,
1291,1.562500e-02,7.937500e+00,
1292,1.406250e-02,7.953125e+00,
1293,2.187500e-02,7.921875e+00,
1294,2.031250e-02,7.921875e+00,
1295,2.656250e-02,7.890625e+00,
1296,2.656250e-02,7.906250e+00,
1297,3.281250e-02,7.859375e+00,
1298,3.281250e-02,7.875000e+00,
1299,3.906250e-02,7.843750e+00,
1300,3.906250e-02,7.843750e+00,
1301,4.375000e-02,7.828125e+00,
1302,4.218750e-02,7.828125e+00,
1303,5.000000e-02,7.796875e+00,
1304,5.000000e-02,7.812500e+00,
1305,5.468750e-02,7.781250e+00,
1306,5.468750e-02,7.781250e+00,
1307,5.937500e-02,7.750000e+00,
1308,5.937500e-02,7.765625e+00,
1309,6.562500e-02,7.734375e+00,
1310,6.250000e-02,7.750000e+00,
1311,7.031250e-02,7.718750e+00,
1312,6.875000e-02,7.734375e+00,
1313,7.343750e-02,7.703125e+00,
1314,7.187500e-02,7.703125e+00,
1315,7.656250e-02,7.687500e+00,
1316,7.656250e-02,7.687500e+00,
1317,8.125000e-02,7.671875e+00,
1318,7.968750e-02,7.687500e+00,
1319,8.437500e-02,7.656250e+00,
1320,8.281250e-02,7.671875e+00,
1321,8.750000e-02,7.640625e+00,
1322,8.593750e-02,7.656250e+00,
1323,8.906250e-02,7.640625e+00,
1324,8.750000e-02,7.640625e+00,
1325,9.375000e-02,7.625000e+00,
1326,8.906250e-02,7.625000e+00,
1327,9.531250e-02,7.640625e+00,
1328,9.218750e-02,7.625000e+00,
1329,9.687500e-02,7.609375e+00,
1330,9.218750e-02,7.609375e+00,
1331,9.687500e-02,7.625000e+00,
1332,9.531250e-02,7.625000e+00,
1333,9.687500e-02,7.593750e+00,
1334,9.531250e-02,7.609375e+00,
1335,9.843750e-02,7.593750e+00,
1336,9.687500e-02,7.609375e+00,
1337,9.531250e-02,7.593750e+00,
1338,9.531250e-02,7.609375e+00,
1339,9.843750e-02,7.593750e+00,
1340,9.687500e-02,7.593750e+00,
1341,9.375000e-02,7.625000e+00,
1342,9.531250e-02,7.609375e+00,
1343,9.218750e-02,7.625000e+00,
1344,9.375000e-02,7.609375e+00,
1345,9.062500e-02,7.625000e+00,
1346,9.218750e-02,7.625000e+00,
1347,8.906250e-02,7.609375e+00,
1348,9.062500e-02,7.625000e+00,
1349,8.593750e-02,7.640625e+00,
1350,8.906250e-02,7.640625e+00,
1351,8.281250e-02,7.625000e+00,
1352,8.593750e-02,7.640625e+00,
1353,7.968750e-02,7.656250e+00,
1354,8.281250e-02,7.656250e+00,
1355,7.656250e-02,7.671875e+00,
1356,7.812500e-02,7.656250e+00,
1357,7.343750e-02,7.687500e+00,
1358,7.343750e-02,7.671875e+00,
1359,6.875000e-02,7.703125e+00,
1360,7.031250e-02,7.687500e+00,
1361,6.562500e-02,7.718750e+00,
1362,6.562500e-02,7.703125e+00,
1363,5.937500e-02,7.734375e+00,
1364,6.093750e-02,7.718750e+00,
1365,5.468750e-02,7.750000e+00,
1366,5.781250e-02,7.734375e+00,
1367,4.843750e-02,7.781250e+00,
1368,5.156250e-02,7.765625e+00,
1369,4.531250e-02,7.781250e+00,
1370,4.531250e-02,7.781250e+00,
1371,3.906250e-02,7.812500e+00,
1372,4.062500e-02,7.796875e+00,
1373,3.281250e-02,7.828125e+00,
1374,3.437500e-02,7.828125e+00,
1375,2.812500e-02,7.859375e+00,
1376,2.812500e-02,7.843750e+00,
1377,2.187500e-02,7.875000e+00,
1378,2.187500e-02,7.875000e+00,
1379,1.562500e-02,7.906250e+00,
1380,1.718750e-02,7.890625e+00,
1381,1.093750e-02,7.921875e+00,
1382,1.093750e-02,7.921875e+00,
1383,3.125000e-03,7.953125e+00,
1384,4.687500e-03,7.937500e+00,
1385,-3.125000e-03,7.984375e+00,
1386,-1.562500e-03,7.968750e+00,
1387,-9.375000e-03,8.000000e+00,
1388,-7.812500e-03,8.000000e+00,
1389,-1.406250e-02,8.015625e+00,
1390,-1.406250e-02,8.015625e+00,
1391,-2.187500e-02,8.046875e+00,
1392,-2.031250e-02,8.046875e+00,
1393,-2.656250e-02,8.078125e+00,
1394,-2.656250e-02,8.062500e+00,
1395,-3.281250e-02,8.093750e+00,
1396,-3.281250e-02,8.093750e+00,
1397,-3.906250e-02,8.109375e+00,
1398,-3.750000e-02,8.109375e+00,
1399,-4.375000e-02,8.140625e+00,
