0,-2.031250e-01,-2.187500e-01,
1,-2.187500e-01,-2.343750e-01,
2,-2.031250e-01,-2.343750e-01,
3,-2.343750e-01,-2.500000e-01,
4,-2.187500e-01,-2.500000e-01,
5,-2.500000e-01,-2.656250e-01,
6,-2.343750e-01,-2.500000e-01,
7,-2.500000e-01,-2.812500e-01,
8,-2.343750e-01,-2.656250e-01,
9,-2.656250e-01,-2.968750e-01,
10,-2.656250e-01,-2.812500e-01,
11,-2.500000e-01,-2.968750e-01,
12,-2.656250e-01,-2.812500e-01,
13,-2.812500e-01,-3.125000e-01,
14,-2.812500e-01,-2.968750e-01,
15,-2.968750e-01,-3.125000e-01,
16,-2.812500e-01,-3.125000e-01,
17,-2.968750e-01,-3.281250e-01,
18,-2.968750e-01,-3.125000e-01,
19,-3.125000e-01,-3.437500e-01,
20,-2.968750e-01,-3.437500e-01,
21,-3.281250e-01,-3.281250e-01,
22,-3.125000e-01,-3.437500e-01,
23,-3.281250e-01,-3.593750e-01,
24,-3.281250e-01,-3.593750e-01,
25,-3.437500e-01,-3.437500e-01,
26,-3.437500e-01,-3.593750e-01,
27,-3.281250e-01,-3.750000e-01,
28,-3.437500e-01,-3.593750e-01,
29,-3.593750e-01,-3.906250e-01,
30,-3.593750e-01,-3.750000e-01,
31,-3.437500e-01,-3.906250e-01,
32,-3.593750e-01,-3.750000e-01,
33,-3.750000e-01,-4.062500e-01,
34,-3.593750e-01,-3.906250e-01,
35,-3.906250e-01,-4.062500e-01,
36,-3.750000e-01,-4.062500e-01,
37,-3.906250e-01,-4.218750e-01,
38,-3.750000e-01,-4.062500e-01,
39,-4.062500e-01,-4.218750e-01,
40,-3.906250e-01,-4.062500e-01,
41,-4.062500e-01,-4.375000e-01,
42,-4.062500e-01,-4.218750e-01,
43,-3.906250e-01,-4.375000e-01,
44,-4.062500e-01,-4.375000e-01,
45,-4.218750e-01,-4.218750e-01,
46,-4.062500e-01,-4.375000e-01,
47,-4.375000e-01,-4.531250e-01,
48,-4.218750e-01,-4.531250e-01,
49,-4.375000e-01,-4.375000e-01,
50,-4.218750e-01,-4.531250e-01,
51,-4.375000e-01,-4.687500e-01,
52,-4.375000e-01,-4.531250e-01,
53,-4.531250e-01,-4.687500e-01,
54,-4.375000e-01,-4.687500e-01,
55,-4.531250e-01,-4.843750e-01,
56,-4.531250e-01,-4.687500e-01,
57,-4.375000e-01,-4.843750e-01,
58,-4.531250e-01,-4.687500e-01,
59,-4.687500e-01,-4.843750e-01,
60,-4.531250e-01,-4.843750e-01,
61,-4.687500e-01,-4.687500e-01,
62,-4.687500e-01,-4.843750e-01,
63,-4.531250e-01,-5.000000e-01,
64,-4.687500e-01,-4.843750e-01,
65,-4.687500e-01,-5.000000e-01,
66,-4.687500e-01,-4.843750e-01,
67,-4.843750e-01,-5.000000e-01,
68,-4.687500e-01,-5.000000e-01,
69,-4.843750e-01,-4.843750e-01,
70,-4.843750e-01,-5.000000e-01,
71,-4.687500e-01,-5.156250e-01,
72,-4.843750e-01,-5.000000e-01,
73,-4.687500e-01,-5.156250e-01,
74,-4.843750e-01,-5.156250e-01,
75,-4.843750e-01,-5.000000e-01,
76,-4.843750e-01,-5.156250e-01,
77,-5.000000e-01,-5.000000e-01,
78,-4.843750e-01,-5.156250e-01,
79,-5.000000e-01,-5.000000e-01,
80,-4.843750e-01,-5.156250e-01,
81,-5.000000e-01,-5.000000e-01,
82,-4.843750e-01,-5.156250e-01,
83,-5.000000e-01,-5.000000e-01,
84,-4.843750e-01,-5.156250e-01,
85,-5.000000e-01,-5.156250e-01,
86,-5.000000e-01,-5.156250e-01,
87,-4.843750e-01,-5.312500e-01,
88,-5.000000e-01,-5.156250e-01,
89,-4.843750e-01,-5.156250e-01,
90,-5.000000e-01,-5.156250e-01,
91,-4.843750e-01,-5.312500e-01,
92,-5.000000e-01,-5.156250e-01,
93,-4.843750e-01,-5.156250e-01,
94,-4.843750e-01,-5.156250e-01,
95,-5.000000e-01,-5.156250e-01,
96,-5.000000e-01,-5.156250e-01,
97,-4.843750e-01,-5.156250e-01,
98,-5.000000e-01,-5.156250e-01,
99,-4.843750e-01,-5.000000e-01,
100,-4.843750e-01,-5.156250e-01,
101,-5.000000e-01,-5.000000e-01,
102,-4.843750e-01,-5.156250e-01,
103,-5.000000e-01,-5.000000e-01,
104,-4.843750e-01,-5.156250e-01,
105,-5.000000e-01,-5.000000e-01,
106,-4.843750e-01,-5.156250e-01,
107,-4.687500e-01,-5.000000e-01,
108,-4.843750e-01,-5.000000e-01,
109,-4.687500e-01,-5.156250e-01,
110,-4.687500e-01,-5.000000e-01,
111,-4.843750e-01,-4.843750e-01,
112,-4.687500e-01,-5.000000e-01,
113,-4.843750e-01,-4.843750e-01,
114,-4.687500e-01,-4.843750e-01,
115,-4.687500e-01,-5.000000e-01,
116,-4.687500e-01,-4.843750e-01,
117,-4.531250e-01,-5.000000e-01,
118,-4.687500e-01,-4.843750e-01,
119,-4.531250e-01,-4.687500e-01,
120,-4.531250e-01,-4.843750e-01,
121,-4.687500e-01,-4.687500e-01,
122,-4.531250e-01,-4.687500e-01,
123,-4.375000e-01,-4.843750e-01,
124,-4.531250e-01,-4.687500e-01,
125,-4.375000e-01,-4.531250e-01,
126,-4.375000e-01,-4.687500e-01,
127,-4.531250e-01,-4.531250e-01,
128,-4.375000e-01,-4.531250e-01,
129,-4.218750e-01,-4.687500e-01,
130,-4.375000e-01,-4.531250e-01,
131,-4.218750e-01,-4.375000e-01,
132,-4.218750e-01,-4.531250e-01,
133,-4.062500e-01,-4.375000e-01,
134,-4.218750e-01,-4.531250e-01,
135,-4.062500e-01,-4.218750e-01,
136,-4.062500e-01,-4.375000e-01,
137,-3.906250e-01,-4.218750e-01,
138,-4.062500e-01,-4.218750e-01,
139,-3.906250e-01,-4.375000e-01,
140,-4.062500e-01,-4.218750e-01,
141,-3.750000e-01,-4.062500e-01,
142,-3.906250e-01,-4.062500e-01,
143,-3.750000e-01,-4.218750e-01,
144,-3.906250e-01,-4.062500e-01,
145,-3.593750e-01,-3.906250e-01,
146,-3.750000e-01,-4.062500e-01,
147,-3.593750e-01,-3.906250e-01,
148,-3.750000e-01,-3.906250e-01,
149,-3.437500e-01,-3.750000e-01,
150,-3.593750e-01,-3.906250e-01,
151,-3.437500e-01,-3.593750e-01,
152,-3.437500e-01,-3.750000e-01,
153,-3.281250e-01,-3.593750e-01,
154,-3.281250e-01,-3.593750e-01,
155,-3.437500e-01,-3.437500e-01,
156,-3.281250e-01,-3.593750e-01,
157,-3.125000e-01,-3.437500e-01,
158,-3.281250e-01,-3.437500e-01,
159,-2.968750e-01,-3.281250e-01,
160,-3.125000e-01,-3.437500e-01,
161,-2.968750e-01,-3.125000e-01,
162,-2.968750e-01,-3.281250e-01,
163,-2.812500e-01,-3.125000e-01,
164,-2.812500e-01,-3.125000e-01,
165,-2.968750e-01,-2.968750e-01,
166,-2.812500e-01,-3.125000e-01,
167,-2.656250e-01,-2.812500e-01,
168,-2.656250e-01,-2.968750e-01,
169,-2.500000e-01,-2.812500e-01,
170,-2.656250e-01,-2.812500e-01,
171,-2.343750e-01,-2.656250e-01,
172,-2.500000e-01,-2.812500e-01,
173,-2.343750e-01,-2.500000e-01,
174,-2.343750e-01,-2.656250e-01,
175,-2.187500e-01,-2.343750e-01,
176,-2.343750e-01,-2.500000e-01,
177,-2.031250e-01,-2.343750e-01,
178,-2.031250e-01,-2.343750e-01,
179,-2.187500e-01,-2.187500e-01,
180,-2.031250e-01,-2.343750e-01,
181,-1.875000e-01,-2.031250e-01,
182,-1.875000e-01,-2.187500e-01,
183,-1.718750e-01,-2.031250e-01,
184,-1.875000e-01,-2.031250e-01,
185,-1.562500e-01,-1.875000e-01,
186,-1.718750e-01,-1.875000e-01,
187,-1.562500e-01,-1.718750e-01,
188,-1.562500e-01,-1.875000e-01,
189,-1.406250e-01,-1.562500e-01,
190,-1.406250e-01,-1.718750e-01,
191,-1.250000e-01,-1.562500e-01,
192,-1.406250e-01,-1.562500e-01,
193,-1.093750e-01,-1.406250e-01,
194,-1.250000e-01,-1.406250e-01,
195,-9.375000e-02,-1.250000e-01,
196,-1.093750e-01,-1.250000e-01,
197,-9.375000e-02,-1.093750e-01,
198,-9.375000e-02,-1.093750e-01,
199,-7.812500e-02,-9.375000e-02,
200,-9.375000e-02,-1.093750e-01,
201,-6.250000e-02,-7.812500e-02,
202,-7.812500e-02,-9.375000e-02,
203,-4.687500e-02,-7.812500e-02,
204,-6.250000e-02,-7.812500e-02,
205,-3.125000e-02,-6.250000e-02,
206,-4.687500e-02,-6.250000e-02,
207,-3.125000e-02,-4.687500e-02,
208,-3.125000e-02,-6.250000e-02,
209,-1.562500e-02,-3.125000e-02,
210,-1.562500e-02,-3.125000e-02,
211,0.000000e+00,-4.687500e-02,
212,-1.562500e-02,-3.125000e-02,
213,1.562500e-02,-1.562500e-02,
214,0.000000e+00,-1.562500e-02,
215,3.125000e-02,0.000000e+00,
216,1.562500e-02,-1.562500e-02,
217,4.687500e-02,1.562500e-02,
218,3.125000e-02,0.000000e+00,
219,4.687500e-02,3.125000e-02,
220,4.687500e-02,1.562500e-02,
221,6.250000e-02,4.687500e-02,
222,4.687500e-02,3.125000e-02,
223,7.812500e-02,4.687500e-02,
224,6.250000e-02,4.687500e-02,
225,9.375000e-02,6.250000e-02,
226,7.812500e-02,6.250000e-02,
227,1.093750e-01,7.812500e-02,
228,9.375000e-02,6.250000e-02,
229,1.093750e-01,9.375000e-02,
230,1.093750e-01,7.812500e-02,
231,1.250000e-01,1.093750e-01,
232,1.250000e-01,9.375000e-02,
233,1.406250e-01,1.093750e-01,
234,1.250000e-01,1.093750e-01,
235,1.562500e-01,1.250000e-01,
236,1.406250e-01,1.250000e-01,
237,1.718750e-01,1.406250e-01,
238,1.562500e-01,1.250000e-01,
239,1.718750e-01,1.562500e-01,
240,1.718750e-01,1.406250e-01,
241,1.875000e-01,1.718750e-01,
242,1.875000e-01,1.562500e-01,
243,2.031250e-01,1.718750e-01,
244,1.875000e-01,1.718750e-01,
245,2.187500e-01,1.875000e-01,
246,2.031250e-01,1.718750e-01,
247,2.187500e-01,2.031250e-01,
248,2.187500e-01,1.875000e-01,
249,2.343750e-01,2.187500e-01,
250,2.343750e-01,2.031250e-01,
251,2.500000e-01,2.187500e-01,
252,2.500000e-01,2.187500e-01,
253,2.343750e-01,2.343750e-01,
254,2.500000e-01,2.187500e-01,
255,2.656250e-01,2.500000e-01,
256,2.656250e-01,2.343750e-01,
257,2.812500e-01,2.656250e-01,
258,2.656250e-01,2.500000e-01,
259,2.968750e-01,2.656250e-01,
260,2.812500e-01,2.656250e-01,
261,2.968750e-01,2.812500e-01,
262,2.968750e-01,2.656250e-01,
263,3.125000e-01,2.968750e-01,
264,2.968750e-01,2.812500e-01,
265,3.281250e-01,2.968750e-01,
266,3.125000e-01,2.968750e-01,
267,3.281250e-01,3.125000e-01,
268,3.281250e-01,2.968750e-01,
269,3.437500e-01,3.281250e-01,
270,3.437500e-01,3.125000e-01,
271,3.281250e-01,3.281250e-01,
272,3.437500e-01,3.281250e-01,
273,3.593750e-01,3.437500e-01,
274,3.437500e-01,3.281250e-01,
275,3.750000e-01,3.437500e-01,
276,3.593750e-01,3.437500e-01,
277,3.750000e-01,3.593750e-01,
278,3.750000e-01,3.437500e-01,
279,3.906250e-01,3.750000e-01,
280,3.906250e-01,3.593750e-01,
281,3.750000e-01,3.750000e-01,
282,3.906250e-01,3.593750e-01,
283,4.062500e-01,3.906250e-01,
284,4.062500e-01,3.750000e-01,
285,3.906250e-01,3.906250e-01,
286,4.062500e-01,3.750000e-01,
287,4.218750e-01,4.062500e-01,
288,4.218750e-01,3.906250e-01,
289,4.062500e-01,4.062500e-01,
290,4.218750e-01,3.906250e-01,
291,4.375000e-01,4.218750e-01,
292,4.375000e-01,4.062500e-01,
293,4.218750e-01,4.218750e-01,
294,4.375000e-01,4.062500e-01,
295,4.531250e-01,4.375000e-01,
296,4.375000e-01,4.218750e-01,
297,4.531250e-01,4.375000e-01,
298,4.375000e-01,4.375000e-01,
299,4.687500e-01,4.218750e-01,
300,4.687500e-01,4.375000e-01,
301,4.531250e-01,4.531250e-01,
302,4.687500e-01,4.375000e-01,
303,4.531250e-01,4.531250e-01,
304,4.687500e-01,4.531250e-01,
305,4.843750e-01,4.531250e-01,
306,4.687500e-01,4.531250e-01,
307,4.843750e-01,4.687500e-01,
308,4.843750e-01,4.687500e-01,
309,4.687500e-01,4.531250e-01,
310,4.843750e-01,4.687500e-01,
311,4.843750e-01,4.531250e-01,
312,4.843750e-01,4.687500e-01,
313,5.000000e-01,4.843750e-01,
314,5.000000e-01,4.843750e-01,
315,4.843750e-01,4.687500e-01,
316,5.000000e-01,4.843750e-01,
317,4.843750e-01,4.687500e-01,
318,5.000000e-01,4.843750e-01,
319,5.156250e-01,5.000000e-01,
320,5.000000e-01,4.843750e-01,
321,5.156250e-01,5.000000e-01,
322,5.156250e-01,4.843750e-01,
323,5.000000e-01,5.000000e-01,
324,5.156250e-01,4.843750e-01,
325,5.000000e-01,5.000000e-01,
326,5.156250e-01,5.000000e-01,
327,5.000000e-01,4.843750e-01,
328,5.156250e-01,5.000000e-01,
329,5.156250e-01,5.000000e-01,
330,5.156250e-01,5.000000e-01,
331,5.312500e-01,5.156250e-01,
332,5.156250e-01,5.000000e-01,
333,5.312500e-01,5.000000e-01,
334,5.156250e-01,5.000000e-01,
335,5.312500e-01,5.156250e-01,
336,5.156250e-01,5.000000e-01,
337,5.312500e-01,5.156250e-01,
338,5.312500e-01,5.000000e-01,
339,5.156250e-01,5.156250e-01,
340,5.156250e-01,5.156250e-01,
341,5.312500e-01,5.000000e-01,
342,5.156250e-01,5.000000e-01,
343,5.312500e-01,5.156250e-01,
344,5.156250e-01,5.000000e-01,
345,5.312500e-01,5.156250e-01,
346,5.156250e-01,5.000000e-01,
347,5.312500e-01,5.000000e-01,
348,5.156250e-01,5.000000e-01,
349,5.312500e-01,5.000000e-01,
350,5.156250e-01,5.000000e-01,
351,5.312500e-01,4.843750e-01,
352,5.156250e-01,5.000000e-01,
353,5.156250e-01,4.843750e-01,
354,5.156250e-01,5.000000e-01,
355,5.000000e-01,4.843750e-01,
356,5.000000e-01,5.000000e-01,
357,5.156250e-01,4.843750e-01,
358,5.000000e-01,4.843750e-01,
359,5.156250e-01,5.000000e-01,
360,5.000000e-01,4.843750e-01,
361,5.156250e-01,4.843750e-01,
362,5.000000e-01,4.843750e-01,
363,5.156250e-01,4.687500e-01,
364,5.000000e-01,4.843750e-01,
365,4.843750e-01,4.687500e-01,
366,5.000000e-01,4.843750e-01,
367,4.843750e-01,4.687500e-01,
368,4.843750e-01,4.687500e-01,
369,5.000000e-01,4.843750e-01,
370,4.843750e-01,4.687500e-01,
371,4.687500e-01,4.531250e-01,
372,4.843750e-01,4.531250e-01,
373,4.687500e-01,4.687500e-01,
374,4.843750e-01,4.531250e-01,
375,4.687500e-01,4.687500e-01,
376,4.687500e-01,4.531250e-01,
377,4.531250e-01,4.375000e-01,
378,4.687500e-01,4.375000e-01,
379,4.531250e-01,4.531250e-01,
380,4.531250e-01,4.531250e-01,
381,4.687500e-01,4.218750e-01,
382,4.531250e-01,4.375000e-01,
383,4.375000e-01,4.218750e-01,
384,4.375000e-01,4.218750e-01,
385,4.531250e-01,4.375000e-01,
386,4.375000e-01,4.218750e-01,
387,4.218750e-01,4.062500e-01,
388,4.218750e-01,4.062500e-01,
389,4.375000e-01,4.218750e-01,
390,4.218750e-01,3.906250e-01,
391,4.062500e-01,4.062500e-01,
392,4.218750e-01,3.906250e-01,
393,4.062500e-01,4.062500e-01,
394,4.218750e-01,3.906250e-01,
395,3.906250e-01,3.750000e-01,
396,4.062500e-01,3.906250e-01,
397,3.906250e-01,3.593750e-01,
398,3.906250e-01,3.593750e-01,
399,3.750000e-01,3.750000e-01,
400,3.906250e-01,3.593750e-01,
401,3.750000e-01,3.437500e-01,
402,3.750000e-01,3.593750e-01,
403,3.593750e-01,3.437500e-01,
404,3.593750e-01,3.437500e-01,
405,3.750000e-01,3.281250e-01,
406,3.593750e-01,3.437500e-01,
407,3.437500e-01,3.281250e-01,
408,3.593750e-01,3.281250e-01,
409,3.281250e-01,3.125000e-01,
410,3.437500e-01,3.281250e-01,
411,3.281250e-01,2.968750e-01,
412,3.281250e-01,3.125000e-01,
413,3.125000e-01,2.968750e-01,
414,3.281250e-01,2.968750e-01,
415,2.968750e-01,2.812500e-01,
416,3.125000e-01,2.968750e-01,
417,2.968750e-01,2.656250e-01,
418,2.968750e-01,2.812500e-01,
419,2.812500e-01,2.656250e-01,
420,2.968750e-01,2.656250e-01,
421,2.656250e-01,2.500000e-01,
422,2.812500e-01,2.656250e-01,
423,2.500000e-01,2.343750e-01,
424,2.656250e-01,2.500000e-01,
425,2.500000e-01,2.187500e-01,
426,2.500000e-01,2.343750e-01,
427,2.343750e-01,2.187500e-01,
428,2.500000e-01,2.187500e-01,
429,2.187500e-01,2.031250e-01,
430,2.343750e-01,2.187500e-01,
431,2.187500e-01,1.875000e-01,
432,2.187500e-01,2.031250e-01,
433,2.031250e-01,1.718750e-01,
434,2.187500e-01,1.875000e-01,
435,1.875000e-01,1.718750e-01,
436,2.031250e-01,1.718750e-01,
437,1.718750e-01,1.562500e-01,
438,1.875000e-01,1.718750e-01,
439,1.718750e-01,1.406250e-01,
440,1.718750e-01,1.562500e-01,
441,1.562500e-01,1.406250e-01,
442,1.718750e-01,1.406250e-01,
443,1.406250e-01,1.250000e-01,
444,1.562500e-01,1.406250e-01,
445,1.250000e-01,1.093750e-01,
446,1.406250e-01,1.250000e-01,
447,1.093750e-01,9.375000e-02,
448,1.250000e-01,1.093750e-01,
449,9.375000e-02,7.812500e-02,
450,1.093750e-01,9.375000e-02,
451,9.375000e-02,7.812500e-02,
452,9.375000e-02,7.812500e-02,
453,7.812500e-02,6.250000e-02,
454,9.375000e-02,6.250000e-02,
455,6.250000e-02,4.687500e-02,
456,7.812500e-02,4.687500e-02,
457,4.687500e-02,3.125000e-02,
458,6.250000e-02,3.125000e-02,
459,3.125000e-02,1.562500e-02,
460,4.687500e-02,3.125000e-02,
461,3.125000e-02,0.000000e+00,
462,3.125000e-02,1.562500e-02,
463,1.562500e-02,-1.562500e-02,
464,1.562500e-02,0.000000e+00,
465,0.000000e+00,-1.562500e-02,
466,1.562500e-02,-1.562500e-02,
467,-1.562500e-02,-3.125000e-02,
468,0.000000e+00,-3.125000e-02,
469,-3.125000e-02,-4.687500e-02,
470,-1.562500e-02,-3.125000e-02,
471,-3.125000e-02,-6.250000e-02,
472,-3.125000e-02,-4.687500e-02,
473,-4.687500e-02,-6.250000e-02,
474,-3.125000e-02,-6.250000e-02,
475,-6.250000e-02,-7.812500e-02,
476,-4.687500e-02,-7.812500e-02,
477,-7.812500e-02,-9.375000e-02,
478,-7.812500e-02,-9.375000e-02,
479,-6.250000e-02,-1.093750e-01,
480,-7.812500e-02,-9.375000e-02,
481,-9.375000e-02,-1.250000e-01,
482,-9.375000e-02,-1.093750e-01,
483,-1.093750e-01,-1.406250e-01,
484,-1.093750e-01,-1.250000e-01,
485,-1.250000e-01,-1.406250e-01,
486,-1.093750e-01,-1.406250e-01,
487,-1.406250e-01,-1.562500e-01,
488,-1.406250e-01,-1.562500e-01,
489,-1.250000e-01,-1.718750e-01,
490,-1.406250e-01,-1.562500e-01,
491,-1.562500e-01,-1.875000e-01,
492,-1.406250e-01,-1.718750e-01,
493,-1.718750e-01,-2.031250e-01,
494,-1.562500e-01,-1.875000e-01,
495,-1.875000e-01,-2.031250e-01,
496,-1.718750e-01,-2.031250e-01,
497,-2.031250e-01,-2.187500e-01,
498,-1.875000e-01,-2.031250e-01,
499,-2.031250e-01,-2.343750e-01,
500,-1.875000e-01,-2.187500e-01,
501,-2.187500e-01,-2.343750e-01,
502,-2.031250e-01,-2.343750e-01,
503,-2.343750e-01,-2.500000e-01,
504,-2.187500e-01,-2.500000e-01,
505,-2.343750e-01,-2.656250e-01,
506,-2.343750e-01,-2.500000e-01,
507,-2.500000e-01,-2.812500e-01,
508,-2.343750e-01,-2.656250e-01,
509,-2.656250e-01,-2.812500e-01,
510,-2.656250e-01,-2.812500e-01,
511,-2.500000e-01,-2.968750e-01,
512,-2.656250e-01,-2.812500e-01,
513,-2.812500e-01,-3.125000e-01,
514,-2.656250e-01,-2.968750e-01,
515,-2.968750e-01,-3.125000e-01,
516,-2.812500e-01,-3.125000e-01,
517,-2.968750e-01,-3.281250e-01,
518,-2.968750e-01,-3.125000e-01,
519,-3.125000e-01,-3.437500e-01,
520,-2.968750e-01,-3.437500e-01,
521,-3.281250e-01,-3.281250e-01,
522,-3.125000e-01,-3.437500e-01,
523,-3.281250e-01,-3.593750e-01,
524,-3.281250e-01,-3.593750e-01,
525,-3.437500e-01,-3.437500e-01,
526,-3.281250e-01,-3.593750e-01,
527,-3.437500e-01,-3.750000e-01,
528,-3.437500e-01,-3.593750e-01,
529,-3.593750e-01,-3.906250e-01,
530,-3.437500e-01,-3.750000e-01,
531,-3.593750e-01,-3.906250e-01,
532,-3.593750e-01,-3.906250e-01,
533,-3.750000e-01,-4.062500e-01,
534,-3.750000e-01,-3.906250e-01,
535,-3.593750e-01,-4.062500e-01,
536,-3.750000e-01,-4.062500e-01,
537,-3.906250e-01,-4.218750e-01,
538,-3.750000e-01,-4.062500e-01,
539,-3.906250e-01,-4.218750e-01,
540,-3.906250e-01,-4.218750e-01,
541,-4.062500e-01,-4.375000e-01,
542,-4.062500e-01,-4.218750e-01,
543,-3.906250e-01,-4.375000e-01,
544,-4.062500e-01,-4.375000e-01,
545,-4.218750e-01,-4.218750e-01,
546,-4.062500e-01,-4.375000e-01,
547,-4.218750e-01,-4.531250e-01,
548,-4.218750e-01,-4.531250e-01,
549,-4.375000e-01,-4.375000e-01,
550,-4.218750e-01,-4.531250e-01,
551,-4.375000e-01,-4.687500e-01,
552,-4.218750e-01,-4.531250e-01,
553,-4.531250e-01,-4.687500e-01,
554,-4.375000e-01,-4.687500e-01,
555,-4.531250e-01,-4.687500e-01,
556,-4.375000e-01,-4.687500e-01,
557,-4.531250e-01,-4.843750e-01,
558,-4.531250e-01,-4.687500e-01,
559,-4.687500e-01,-4.843750e-01,
560,-4.531250e-01,-4.843750e-01,
561,-4.687500e-01,-4.687500e-01,
562,-4.687500e-01,-4.843750e-01,
563,-4.531250e-01,-5.000000e-01,
564,-4.687500e-01,-4.843750e-01,
565,-4.531250e-01,-5.000000e-01,
566,-4.687500e-01,-4.843750e-01,
567,-4.687500e-01,-5.000000e-01,
568,-4.687500e-01,-4.843750e-01,
569,-4.843750e-01,-5.156250e-01,
570,-4.687500e-01,-5.000000e-01,
571,-4.843750e-01,-5.156250e-01,
572,-4.843750e-01,-5.000000e-01,
573,-4.687500e-01,-5.156250e-01,
574,-4.843750e-01,-5.000000e-01,
575,-4.687500e-01,-5.156250e-01,
576,-4.843750e-01,-5.156250e-01,
577,-4.843750e-01,-5.000000e-01,
578,-4.843750e-01,-5.156250e-01,
579,-5.000000e-01,-5.000000e-01,
580,-4.843750e-01,-5.156250e-01,
581,-5.000000e-01,-5.000000e-01,
582,-4.843750e-01,-5.156250e-01,
583,-5.000000e-01,-5.156250e-01,
584,-4.843750e-01,-5.156250e-01,
585,-5.000000e-01,-5.156250e-01,
586,-4.843750e-01,-5.156250e-01,
587,-5.000000e-01,-5.156250e-01,
588,-4.843750e-01,-5.156250e-01,
589,-5.000000e-01,-5.312500e-01,
590,-4.843750e-01,-5.156250e-01,
591,-5.000000e-01,-5.156250e-01,
592,-5.000000e-01,-5.156250e-01,
593,-4.843750e-01,-5.312500e-01,
594,-4.843750e-01,-5.156250e-01,
595,-5.000000e-01,-5.156250e-01,
596,-5.000000e-01,-5.156250e-01,
597,-4.843750e-01,-5.156250e-01,
598,-4.843750e-01,-5.156250e-01,
599,-5.000000e-01,-5.000000e-01,
600,-5.000000e-01,-5.156250e-01,
601,-4.843750e-01,-5.000000e-01,
602,-4.843750e-01,-5.000000e-01,
603,-5.000000e-01,-5.156250e-01,
604,-4.843750e-01,-5.156250e-01,
605,-4.687500e-01,-5.000000e-01,
606,-4.843750e-01,-5.156250e-01,
607,-4.687500e-01,-5.000000e-01,
608,-4.843750e-01,-5.000000e-01,
609,-4.687500e-01,-5.156250e-01,
610,-4.687500e-01,-5.000000e-01,
611,-4.843750e-01,-4.843750e-01,
612,-4.687500e-01,-5.000000e-01,
613,-4.843750e-01,-4.843750e-01,
614,-4.687500e-01,-5.000000e-01,
615,-4.531250e-01,-4.843750e-01,
616,-4.687500e-01,-4.843750e-01,
617,-4.531250e-01,-5.000000e-01,
618,-4.531250e-01,-4.843750e-01,
619,-4.687500e-01,-4.687500e-01,
620,-4.531250e-01,-4.843750e-01,
621,-4.687500e-01,-4.687500e-01,
622,-4.531250e-01,-4.843750e-01,
623,-4.375000e-01,-4.687500e-01,
624,-4.531250e-01,-4.687500e-01,
625,-4.375000e-01,-4.843750e-01,
626,-4.531250e-01,-4.687500e-01,
627,-4.218750e-01,-4.531250e-01,
628,-4.375000e-01,-4.531250e-01,
629,-4.218750e-01,-4.687500e-01,
630,-4.218750e-01,-4.531250e-01,
631,-4.375000e-01,-4.375000e-01,
632,-4.218750e-01,-4.531250e-01,
633,-4.062500e-01,-4.375000e-01,
634,-4.218750e-01,-4.531250e-01,
635,-4.062500e-01,-4.218750e-01,
636,-4.062500e-01,-4.375000e-01,
637,-3.906250e-01,-4.218750e-01,
638,-4.062500e-01,-4.218750e-01,
639,-3.906250e-01,-4.375000e-01,
640,-4.062500e-01,-4.218750e-01,
641,-3.750000e-01,-4.062500e-01,
642,-3.906250e-01,-4.218750e-01,
643,-3.750000e-01,-4.062500e-01,
644,-3.906250e-01,-4.062500e-01,
645,-3.593750e-01,-3.906250e-01,
646,-3.593750e-01,-4.062500e-01,
647,-3.750000e-01,-3.906250e-01,
648,-3.593750e-01,-3.906250e-01,
649,-3.437500e-01,-3.750000e-01,
650,-3.437500e-01,-3.906250e-01,
651,-3.593750e-01,-3.593750e-01,
652,-3.437500e-01,-3.750000e-01,
653,-3.281250e-01,-3.593750e-01,
654,-3.281250e-01,-3.593750e-01,
655,-3.437500e-01,-3.437500e-01,
656,-3.281250e-01,-3.593750e-01,
657,-3.125000e-01,-3.437500e-01,
658,-3.281250e-01,-3.437500e-01,
659,-2.968750e-01,-3.281250e-01,
660,-3.125000e-01,-3.437500e-01,
661,-2.968750e-01,-3.125000e-01,
662,-2.968750e-01,-3.281250e-01,
663,-2.812500e-01,-3.125000e-01,
664,-2.812500e-01,-3.125000e-01,
665,-2.968750e-01,-2.968750e-01,
666,-2.812500e-01,-3.125000e-01,
667,-2.656250e-01,-2.812500e-01,
668,-2.812500e-01,-2.968750e-01,
669,-2.500000e-01,-2.812500e-01,
670,-2.656250e-01,-2.812500e-01,
671,-2.343750e-01,-2.656250e-01,
672,-2.500000e-01,-2.812500e-01,
673,-2.343750e-01,-2.500000e-01,
674,-2.343750e-01,-2.656250e-01,
675,-2.187500e-01,-2.500000e-01,
676,-2.343750e-01,-2.500000e-01,
677,-2.031250e-01,-2.343750e-01,
678,-2.187500e-01,-2.343750e-01,
679,-2.031250e-01,-2.187500e-01,
680,-2.031250e-01,-2.187500e-01,
681,-1.875000e-01,-2.343750e-01,
682,-1.875000e-01,-2.187500e-01,
683,-1.718750e-01,-2.031250e-01,
684,-1.875000e-01,-2.031250e-01,
685,-1.562500e-01,-1.875000e-01,
686,-1.718750e-01,-2.031250e-01,
687,-1.562500e-01,-1.718750e-01,
688,-1.562500e-01,-1.875000e-01,
689,-1.406250e-01,-1.562500e-01,
690,-1.406250e-01,-1.718750e-01,
691,-1.250000e-01,-1.562500e-01,
692,-1.406250e-01,-1.562500e-01,
693,-1.093750e-01,-1.406250e-01,
694,-1.250000e-01,-1.406250e-01,
695,-9.375000e-02,-1.250000e-01,
696,-1.093750e-01,-1.406250e-01,
697,-9.375000e-02,-1.093750e-01,
698,-9.375000e-02,-1.250000e-01,
699,-7.812500e-02,-9.375000e-02,
700,-7.812500e-02,-1.093750e-01,
701,-6.250000e-02,-9.375000e-02,
702,-7.812500e-02,-9.375000e-02,
703,-4.687500e-02,-7.812500e-02,
704,-6.250000e-02,-7.812500e-02,
705,-3.125000e-02,-6.250000e-02,
706,-3.125000e-02,-6.250000e-02,
707,-4.687500e-02,-4.687500e-02,
708,-3.125000e-02,-6.250000e-02,
709,-1.562500e-02,-3.125000e-02,
710,-1.562500e-02,-4.687500e-02,
711,0.000000e+00,-3.125000e-02,
712,-1.562500e-02,-3.125000e-02,
713,1.562500e-02,-1.562500e-02,
714,0.000000e+00,-1.562500e-02,
715,3.125000e-02,0.000000e+00,
716,1.562500e-02,0.000000e+00,
717,3.125000e-02,1.562500e-02,
718,3.125000e-02,0.000000e+00,
719,4.687500e-02,3.125000e-02,
720,4.687500e-02,1.562500e-02,
721,6.250000e-02,4.687500e-02,
722,4.687500e-02,3.125000e-02,
723,7.812500e-02,4.687500e-02,
724,6.250000e-02,4.687500e-02,
725,9.375000e-02,6.250000e-02,
726,9.375000e-02,6.250000e-02,
727,7.812500e-02,7.812500e-02,
728,9.375000e-02,7.812500e-02,
729,1.093750e-01,9.375000e-02,
730,1.093750e-01,7.812500e-02,
731,1.250000e-01,1.093750e-01,
732,1.093750e-01,9.375000e-02,
733,1.406250e-01,1.250000e-01,
734,1.250000e-01,1.093750e-01,
735,1.562500e-01,1.250000e-01,
736,1.406250e-01,1.250000e-01,
737,1.562500e-01,1.406250e-01,
738,1.562500e-01,1.250000e-01,
739,1.718750e-01,1.562500e-01,
740,1.718750e-01,1.562500e-01,
741,1.875000e-01,1.406250e-01,
742,1.718750e-01,1.562500e-01,
743,2.031250e-01,1.718750e-01,
744,1.875000e-01,1.718750e-01,
745,2.187500e-01,1.875000e-01,
746,2.031250e-01,1.718750e-01,
747,2.187500e-01,2.031250e-01,
748,2.187500e-01,1.875000e-01,
749,2.343750e-01,2.187500e-01,
750,2.343750e-01,2.031250e-01,
751,2.500000e-01,2.187500e-01,
752,2.500000e-01,2.187500e-01,
753,2.343750e-01,2.343750e-01,
754,2.500000e-01,2.343750e-01,
755,2.656250e-01,2.500000e-01,
756,2.500000e-01,2.343750e-01,
757,2.812500e-01,2.656250e-01,
758,2.656250e-01,2.500000e-01,
759,2.968750e-01,2.656250e-01,
760,2.812500e-01,2.656250e-01,
761,2.968750e-01,2.812500e-01,
762,2.968750e-01,2.656250e-01,
763,3.125000e-01,2.968750e-01,
764,2.968750e-01,2.812500e-01,
765,3.281250e-01,2.968750e-01,
766,3.125000e-01,2.968750e-01,
767,3.281250e-01,3.125000e-01,
768,3.125000e-01,2.968750e-01,
769,3.437500e-01,3.281250e-01,
770,3.281250e-01,3.125000e-01,
771,3.593750e-01,3.281250e-01,
772,3.437500e-01,3.281250e-01,
773,3.593750e-01,3.437500e-01,
774,3.593750e-01,3.281250e-01,
775,3.750000e-01,3.437500e-01,
776,3.750000e-01,3.437500e-01,
777,3.593750e-01,3.593750e-01,
778,3.750000e-01,3.437500e-01,
779,3.906250e-01,3.593750e-01,
780,3.906250e-01,3.593750e-01,
781,3.750000e-01,3.750000e-01,
782,3.906250e-01,3.593750e-01,
783,4.062500e-01,3.906250e-01,
784,4.062500e-01,3.750000e-01,
785,3.906250e-01,3.906250e-01,
786,4.062500e-01,3.750000e-01,
787,4.218750e-01,4.062500e-01,
788,4.218750e-01,3.906250e-01,
789,4.062500e-01,4.062500e-01,
790,4.218750e-01,4.062500e-01,
791,4.375000e-01,4.218750e-01,
792,4.218750e-01,4.062500e-01,
793,4.375000e-01,4.218750e-01,
794,4.375000e-01,4.062500e-01,
795,4.531250e-01,4.218750e-01,
796,4.375000e-01,4.218750e-01,
797,4.531250e-01,4.375000e-01,
798,4.531250e-01,4.218750e-01,
799,4.375000e-01,4.375000e-01,
800,4.531250e-01,4.375000e-01,
801,4.687500e-01,4.531250e-01,
802,4.687500e-01,4.531250e-01,
803,4.531250e-01,4.375000e-01,
804,4.687500e-01,4.531250e-01,
805,4.843750e-01,4.531250e-01,
806,4.687500e-01,4.531250e-01,
807,4.843750e-01,4.687500e-01,
808,4.843750e-01,4.531250e-01,
809,4.687500e-01,4.687500e-01,
810,4.843750e-01,4.687500e-01,
811,5.000000e-01,4.531250e-01,
812,4.843750e-01,4.687500e-01,
813,5.000000e-01,4.843750e-01,
814,5.000000e-01,4.843750e-01,
815,4.843750e-01,4.687500e-01,
816,5.000000e-01,4.843750e-01,
817,4.843750e-01,4.687500e-01,
818,5.000000e-01,4.843750e-01,
819,5.156250e-01,4.843750e-01,
820,5.000000e-01,4.843750e-01,
821,5.156250e-01,5.000000e-01,
822,5.000000e-01,4.843750e-01,
823,5.156250e-01,5.000000e-01,
824,5.156250e-01,5.000000e-01,
825,5.000000e-01,4.843750e-01,
826,5.156250e-01,5.000000e-01,
827,5.000000e-01,4.843750e-01,
828,5.156250e-01,5.000000e-01,
829,5.312500e-01,4.843750e-01,
830,5.156250e-01,5.000000e-01,
831,5.312500e-01,5.000000e-01,
832,5.156250e-01,5.000000e-01,
833,5.312500e-01,5.000000e-01,
834,5.156250e-01,5.000000e-01,
835,5.312500e-01,5.000000e-01,
836,5.156250e-01,5.000000e-01,
837,5.312500e-01,5.000000e-01,
838,5.156250e-01,5.000000e-01,
839,5.312500e-01,5.000000e-01,
840,5.156250e-01,5.000000e-01,
841,5.312500e-01,5.000000e-01,
842,5.156250e-01,5.000000e-01,
843,5.312500e-01,5.000000e-01,
844,5.156250e-01,5.000000e-01,
845,5.312500e-01,5.000000e-01,
846,5.156250e-01,5.000000e-01,
847,5.312500e-01,4.843750e-01,
848,5.156250e-01,5.000000e-01,
849,5.312500e-01,4.843750e-01,
850,5.156250e-01,5.000000e-01,
851,5.156250e-01,4.843750e-01,
852,5.156250e-01,5.000000e-01,
853,5.000000e-01,4.843750e-01,
854,5.156250e-01,5.000000e-01,
855,5.000000e-01,4.843750e-01,
856,5.000000e-01,4.843750e-01,
857,5.156250e-01,5.000000e-01,
858,5.156250e-01,4.843750e-01,
859,5.000000e-01,5.000000e-01,
860,5.000000e-01,4.843750e-01,
861,5.156250e-01,4.843750e-01,
862,5.000000e-01,4.843750e-01,
863,4.843750e-01,4.687500e-01,
864,5.000000e-01,4.843750e-01,
865,4.843750e-01,4.687500e-01,
866,4.843750e-01,4.687500e-01,
867,5.000000e-01,4.843750e-01,
868,4.843750e-01,4.687500e-01,
869,5.000000e-01,4.843750e-01,
870,4.843750e-01,4.687500e-01,
871,4.687500e-01,4.531250e-01,
872,4.843750e-01,4.531250e-01,
873,4.687500e-01,4.687500e-01,
874,4.687500e-01,4.531250e-01,
875,4.843750e-01,4.531250e-01,
876,4.687500e-01,4.531250e-01,
877,4.531250e-01,4.375000e-01,
878,4.687500e-01,4.531250e-01,
879,4.531250e-01,4.375000e-01,
880,4.531250e-01,4.375000e-01,
881,4.375000e-01,4.218750e-01,
882,4.531250e-01,4.375000e-01,
883,4.375000e-01,4.218750e-01,
884,4.375000e-01,4.218750e-01,
885,4.531250e-01,4.062500e-01,
886,4.375000e-01,4.218750e-01,
887,4.218750e-01,4.062500e-01,
888,4.375000e-01,4.218750e-01,
889,4.218750e-01,3.906250e-01,
890,4.218750e-01,4.062500e-01,
891,4.062500e-01,3.906250e-01,
892,4.062500e-01,3.906250e-01,
893,4.218750e-01,4.062500e-01,
894,4.218750e-01,3.906250e-01,
895,3.906250e-01,3.750000e-01,
896,3.906250e-01,3.906250e-01,
897,4.062500e-01,3.593750e-01,
898,3.906250e-01,3.593750e-01,
899,3.750000e-01,3.750000e-01,
900,3.906250e-01,3.750000e-01,
901,3.750000e-01,3.437500e-01,
902,3.750000e-01,3.593750e-01,
903,3.593750e-01,3.437500e-01,
904,3.593750e-01,3.437500e-01,
905,3.750000e-01,3.281250e-01,
906,3.593750e-01,3.281250e-01,
907,3.437500e-01,3.437500e-01,
908,3.593750e-01,3.281250e-01,
909,3.281250e-01,3.125000e-01,
910,3.281250e-01,3.125000e-01,
911,3.437500e-01,2.968750e-01,
912,3.281250e-01,3.125000e-01,
913,3.125000e-01,2.968750e-01,
914,3.281250e-01,2.968750e-01,
915,2.968750e-01,2.812500e-01,
916,2.968750e-01,2.968750e-01,
917,3.125000e-01,2.656250e-01,
918,2.968750e-01,2.812500e-01,
919,2.812500e-01,2.656250e-01,
920,2.968750e-01,2.656250e-01,
921,2.656250e-01,2.500000e-01,
922,2.812500e-01,2.656250e-01,
923,2.656250e-01,2.343750e-01,
924,2.656250e-01,2.343750e-01,
925,2.500000e-01,2.500000e-01,
926,2.500000e-01,2.343750e-01,
927,2.343750e-01,2.187500e-01,
928,2.500000e-01,2.187500e-01,
929,2.343750e-01,2.031250e-01,
930,2.343750e-01,2.187500e-01,
931,2.187500e-01,1.875000e-01,
932,2.187500e-01,2.031250e-01,
933,2.031250e-01,1.875000e-01,
934,2.187500e-01,1.875000e-01,
935,1.875000e-01,1.718750e-01,
936,2.031250e-01,1.718750e-01,
937,1.718750e-01,1.562500e-01,
938,1.875000e-01,1.718750e-01,
939,1.718750e-01,1.406250e-01,
940,1.718750e-01,1.562500e-01,
941,1.562500e-01,1.250000e-01,
942,1.718750e-01,1.406250e-01,
943,1.406250e-01,1.250000e-01,
944,1.562500e-01,1.250000e-01,
945,1.250000e-01,1.093750e-01,
946,1.406250e-01,1.093750e-01,
947,1.093750e-01,9.375000e-02,
948,1.250000e-01,1.093750e-01,
949,1.093750e-01,7.812500e-02,
950,1.093750e-01,7.812500e-02,
951,9.375000e-02,9.375000e-02,
952,9.375000e-02,7.812500e-02,
953,7.812500e-02,4.687500e-02,
954,9.375000e-02,6.250000e-02,
955,6.250000e-02,4.687500e-02,
956,7.812500e-02,6.250000e-02,
957,4.687500e-02,3.125000e-02,
958,6.250000e-02,4.687500e-02,
959,4.687500e-02,1.562500e-02,
960,4.687500e-02,3.125000e-02,
961,3.125000e-02,0.000000e+00,
962,3.125000e-02,1.562500e-02,
963,1.562500e-02,0.000000e+00,
964,3.125000e-02,0.000000e+00,
965,0.000000e+00,-1.562500e-02,
966,1.562500e-02,-1.562500e-02,
967,-1.562500e-02,-3.125000e-02,
968,0.000000e+00,-1.562500e-02,
969,-1.562500e-02,-4.687500e-02,
970,-1.562500e-02,-4.687500e-02,
971,-3.125000e-02,-3.125000e-02,
972,-1.562500e-02,-4.687500e-02,
973,-4.687500e-02,-6.250000e-02,
974,-3.125000e-02,-6.250000e-02,
975,-6.250000e-02,-7.812500e-02,
976,-4.687500e-02,-7.812500e-02,
977,-7.812500e-02,-9.375000e-02,
978,-6.250000e-02,-7.812500e-02,
979,-7.812500e-02,-1.093750e-01,
980,-7.812500e-02,-9.375000e-02,
981,-9.375000e-02,-1.250000e-01,
982,-9.375000e-02,-1.093750e-01,
983,-1.093750e-01,-1.406250e-01,
984,-1.093750e-01,-1.250000e-01,
985,-1.250000e-01,-1.406250e-01,
986,-1.093750e-01,-1.406250e-01,
987,-1.250000e-01,-1.562500e-01,
988,-1.250000e-01,-1.562500e-01,
989,-1.406250e-01,-1.718750e-01,
990,-1.406250e-01,-1.562500e-01,
991,-1.562500e-01,-1.875000e-01,
992,-1.406250e-01,-1.718750e-01,
993,-1.718750e-01,-1.875000e-01,
994,-1.562500e-01,-1.875000e-01,
995,-1.875000e-01,-2.031250e-01,
996,-1.718750e-01,-2.031250e-01,
997,-1.875000e-01,-2.187500e-01,
998,-1.875000e-01,-2.031250e-01,
999,-2.031250e-01,-2.343750e-01,
1000,-1.875000e-01,-2.187500e-01,
1001,-2.187500e-01,-2.343750e-01,
1002,-2.187500e-01,-2.343750e-01,
1003,-2.031250e-01,-2.500000e-01,
1004,-2.187500e-01,-2.343750e-01,
1005,-2.343750e-01,-2.656250e-01,
1006,-2.343750e-01,-2.500000e-01,
1007,-2.500000e-01,-2.812500e-01,
1008,-2.343750e-01,-2.656250e-01,
1009,-2.656250e-01,-2.812500e-01,
1010,-2.656250e-01,-2.812500e-01,
1011,-2.500000e-01,-2.968750e-01,
1012,-2.656250e-01,-2.812500e-01,
1013,-2.812500e-01,-3.125000e-01,
1014,-2.812500e-01,-2.968750e-01,
1015,-2.968750e-01,-3.125000e-01,
1016,-2.812500e-01,-3.125000e-01,
1017,-2.968750e-01,-3.281250e-01,
1018,-2.968750e-01,-3.125000e-01,
1019,-3.125000e-01,-3.437500e-01,
1020,-2.968750e-01,-3.281250e-01,
1021,-3.281250e-01,-3.437500e-01,
1022,-3.125000e-01,-3.437500e-01,
1023,-3.281250e-01,-3.593750e-01,
1024,-3.281250e-01,-3.593750e-01,
1025,-3.437500e-01,-3.437500e-01,
1026,-3.281250e-01,-3.593750e-01,
1027,-3.437500e-01,-3.750000e-01,
1028,-3.437500e-01,-3.750000e-01,
1029,-3.593750e-01,-3.593750e-01,
1030,-3.437500e-01,-3.750000e-01,
1031,-3.593750e-01,-3.906250e-01,
1032,-3.593750e-01,-3.750000e-01,
1033,-3.750000e-01,-4.062500e-01,
1034,-3.593750e-01,-3.906250e-01,
1035,-3.906250e-01,-4.062500e-01,
1036,-3.750000e-01,-4.062500e-01,
1037,-3.906250e-01,-4.218750e-01,
1038,-3.750000e-01,-4.062500e-01,
1039,-3.906250e-01,-4.218750e-01,
1040,-3.906250e-01,-4.218750e-01,
1041,-4.062500e-01,-4.062500e-01,
1042,-4.062500e-01,-4.218750e-01,
1043,-3.906250e-01,-4.375000e-01,
1044,-4.062500e-01,-4.375000e-01,
1045,-4.218750e-01,-4.218750e-01,
1046,-4.062500e-01,-4.375000e-01,
1047,-4.218750e-01,-4.531250e-01,
1048,-4.218750e-01,-4.375000e-01,
1049,-4.375000e-01,-4.531250e-01,
1050,-4.218750e-01,-4.531250e-01,
1051,-4.375000e-01,-4.687500e-01,
1052,-4.375000e-01,-4.531250e-01,
1053,-4.218750e-01,-4.687500e-01,
1054,-4.375000e-01,-4.687500e-01,
1055,-4.531250e-01,-4.531250e-01,
1056,-4.531250e-01,-4.687500e-01,
1057,-4.375000e-01,-4.843750e-01,
1058,-4.531250e-01,-4.687500e-01,
1059,-4.687500e-01,-4.843750e-01,
1060,-4.531250e-01,-4.843750e-01,
1061,-4.687500e-01,-4.687500e-01,
1062,-4.531250e-01,-4.843750e-01,
1063,-4.687500e-01,-5.000000e-01,
1064,-4.687500e-01,-4.843750e-01,
1065,-4.531250e-01,-5.000000e-01,
1066,-4.687500e-01,-5.000000e-01,
1067,-4.687500e-01,-4.843750e-01,
1068,-4.687500e-01,-5.000000e-01,
1069,-4.843750e-01,-4.843750e-01,
1070,-4.687500e-01,-5.000000e-01,
1071,-4.843750e-01,-5.156250e-01,
1072,-4.843750e-01,-5.000000e-01,
1073,-4.687500e-01,-5.156250e-01,
1074,-4.843750e-01,-5.000000e-01,
1075,-4.687500e-01,-5.156250e-01,
1076,-4.843750e-01,-5.000000e-01,
1077,-4.843750e-01,-5.156250e-01,
1078,-4.843750e-01,-5.156250e-01,
1079,-5.000000e-01,-5.000000e-01,
1080,-4.843750e-01,-5.156250e-01,
1081,-5.000000e-01,-5.000000e-01,
1082,-4.843750e-01,-5.156250e-01,
1083,-5.000000e-01,-5.000000e-01,
1084,-5.000000e-01,-5.156250e-01,
1085,-4.843750e-01,-5.156250e-01,
1086,-4.843750e-01,-5.156250e-01,
1087,-5.000000e-01,-5.156250e-01,
1088,-4.843750e-01,-5.156250e-01,
1089,-5.000000e-01,-5.312500e-01,
1090,-4.843750e-01,-5.156250e-01,
1091,-5.000000e-01,-5.156250e-01,
1092,-4.843750e-01,-5.156250e-01,
1093,-5.000000e-01,-5.156250e-01,
1094,-4.843750e-01,-5.156250e-01,
1095,-5.000000e-01,-5.156250e-01,
1096,-4.843750e-01,-5.156250e-01,
1097,-5.000000e-01,-5.156250e-01,
1098,-4.843750e-01,-5.156250e-01,
1099,-5.000000e-01,-5.000000e-01,
1100,-4.843750e-01,-5.156250e-01,
1101,-5.000000e-01,-5.000000e-01,
1102,-4.843750e-01,-5.156250e-01,
1103,-5.000000e-01,-5.000000e-01,
1104,-4.843750e-01,-5.156250e-01,
1105,-4.687500e-01,-5.000000e-01,
1106,-4.843750e-01,-5.000000e-01,
1107,-4.687500e-01,-5.156250e-01,
1108,-4.843750e-01,-5.000000e-01,
1109,-4.687500e-01,-5.156250e-01,
1110,-4.687500e-01,-5.156250e-01,
1111,-4.843750e-01,-4.843750e-01,
1112,-4.687500e-01,-5.000000e-01,
1113,-4.843750e-01,-4.843750e-01,
1114,-4.687500e-01,-4.843750e-01,
1115,-4.531250e-01,-5.000000e-01,
1116,-4.687500e-01,-4.843750e-01,
1117,-4.531250e-01,-5.000000e-01,
1118,-4.531250e-01,-4.843750e-01,
1119,-4.687500e-01,-4.687500e-01,
1120,-4.531250e-01,-4.843750e-01,
1121,-4.531250e-01,-4.687500e-01,
1122,-4.531250e-01,-4.687500e-01,
1123,-4.375000e-01,-4.843750e-01,
1124,-4.375000e-01,-4.687500e-01,
1125,-4.531250e-01,-4.531250e-01,
1126,-4.375000e-01,-4.687500e-01,
1127,-4.218750e-01,-4.531250e-01,
1128,-4.375000e-01,-4.531250e-01,
1129,-4.218750e-01,-4.687500e-01,
1130,-4.218750e-01,-4.531250e-01,
1131,-4.375000e-01,-4.375000e-01,
1132,-4.218750e-01,-4.531250e-01,
1133,-4.062500e-01,-4.375000e-01,
1134,-4.062500e-01,-4.531250e-01,
1135,-4.218750e-01,-4.218750e-01,
1136,-4.062500e-01,-4.375000e-01,
1137,-3.906250e-01,-4.218750e-01,
1138,-4.062500e-01,-4.218750e-01,
1139,-3.906250e-01,-4.375000e-01,
1140,-4.062500e-01,-4.218750e-01,
1141,-3.750000e-01,-4.062500e-01,
1142,-3.906250e-01,-4.062500e-01,
1143,-3.750000e-01,-4.218750e-01,
1144,-3.750000e-01,-4.062500e-01,
1145,-3.593750e-01,-3.906250e-01,
1146,-3.750000e-01,-3.906250e-01,
1147,-3.593750e-01,-4.062500e-01,
1148,-3.593750e-01,-3.906250e-01,
1149,-3.437500e-01,-3.750000e-01,
1150,-3.437500e-01,-3.750000e-01,
1151,-3.593750e-01,-3.906250e-01,
1152,-3.437500e-01,-3.750000e-01,
1153,-3.281250e-01,-3.593750e-01,
1154,-3.281250e-01,-3.593750e-01,
1155,-3.437500e-01,-3.437500e-01,
1156,-3.281250e-01,-3.437500e-01,
1157,-3.125000e-01,-3.593750e-01,
1158,-3.281250e-01,-3.437500e-01,
1159,-2.968750e-01,-3.281250e-01,
1160,-3.125000e-01,-3.437500e-01,
1161,-2.968750e-01,-3.125000e-01,
1162,-2.968750e-01,-3.281250e-01,
1163,-2.812500e-01,-3.125000e-01,
1164,-2.812500e-01,-3.125000e-01,
1165,-2.968750e-01,-2.968750e-01,
1166,-2.812500e-01,-3.125000e-01,
1167,-2.656250e-01,-2.812500e-01,
1168,-2.812500e-01,-2.968750e-01,
1169,-2.500000e-01,-2.812500e-01,
1170,-2.656250e-01,-2.812500e-01,
1171,-2.343750e-01,-2.656250e-01,
1172,-2.500000e-01,-2.812500e-01,
1173,-2.343750e-01,-2.500000e-01,
1174,-2.343750e-01,-2.656250e-01,
1175,-2.187500e-01,-2.500000e-01,
1176,-2.343750e-01,-2.500000e-01,
1177,-2.031250e-01,-2.343750e-01,
1178,-2.187500e-01,-2.343750e-01,
1179,-1.875000e-01,-2.187500e-01,
1180,-2.031250e-01,-2.343750e-01,
1181,-1.875000e-01,-2.187500e-01,
1182,-1.875000e-01,-2.187500e-01,
1183,-1.718750e-01,-2.031250e-01,
1184,-1.718750e-01,-2.031250e-01,
1185,-1.562500e-01,-1.875000e-01,
1186,-1.718750e-01,-2.031250e-01,
1187,-1.562500e-01,-1.718750e-01,
1188,-1.562500e-01,-1.875000e-01,
1189,-1.406250e-01,-1.562500e-01,
1190,-1.406250e-01,-1.718750e-01,
1191,-1.250000e-01,-1.562500e-01,
1192,-1.406250e-01,-1.562500e-01,
1193,-1.093750e-01,-1.406250e-01,
1194,-1.250000e-01,-1.406250e-01,
1195,-9.375000e-02,-1.250000e-01,
1196,-9.375000e-02,-1.406250e-01,
1197,-1.093750e-01,-1.093750e-01,
1198,-9.375000e-02,-1.250000e-01,
1199,-7.812500e-02,-9.375000e-02,
1200,-7.812500e-02,-1.093750e-01,
1201,-6.250000e-02,-9.375000e-02,
1202,-7.812500e-02,-9.375000e-02,
1203,-4.687500e-02,-7.812500e-02,
1204,-6.250000e-02,-7.812500e-02,
1205,-3.125000e-02,-6.250000e-02,
1206,-3.125000e-02,-6.250000e-02,
1207,-4.687500e-02,-4.687500e-02,
1208,-3.125000e-02,-6.250000e-02,
1209,-1.562500e-02,-3.125000e-02,
1210,-1.562500e-02,-4.687500e-02,
1211,0.000000e+00,-3.125000e-02,
1212,-1.562500e-02,-3.125000e-02,
1213,1.562500e-02,-1.562500e-02,
1214,0.000000e+00,-1.562500e-02,
1215,3.125000e-02,0.000000e+00,
1216,1.562500e-02,-1.562500e-02,
1217,3.125000e-02,1.562500e-02,
1218,3.125000e-02,0.000000e+00,
1219,4.687500e-02,3.125000e-02,
1220,4.687500e-02,1.562500e-02,
1221,6.250000e-02,4.687500e-02,
1222,6.250000e-02,3.125000e-02,
1223,7.812500e-02,4.687500e-02,
1224,6.250000e-02,4.687500e-02,
1225,9.375000e-02,6.250000e-02,
1226,7.812500e-02,6.250000e-02,
1227,1.093750e-01,7.812500e-02,
1228,9.375000e-02,7.812500e-02,
1229,1.093750e-01,9.375000e-02,
1230,1.093750e-01,7.812500e-02,
1231,1.250000e-01,1.093750e-01,
1232,1.093750e-01,9.375000e-02,
1233,1.406250e-01,1.093750e-01,
1234,1.250000e-01,1.093750e-01,
1235,1.562500e-01,1.250000e-01,
1236,1.406250e-01,1.250000e-01,
1237,1.718750e-01,1.406250e-01,
1238,1.562500e-01,1.406250e-01,
1239,1.718750e-01,1.562500e-01,
1240,1.718750e-01,1.406250e-01,
1241,1.875000e-01,1.718750e-01,
1242,1.718750e-01,1.562500e-01,
1243,2.031250e-01,1.718750e-01,
1244,1.875000e-01,1.718750e-01,
1245,2.187500e-01,1.875000e-01,
1246,2.031250e-01,1.718750e-01,
1247,2.187500e-01,2.031250e-01,
1248,2.187500e-01,1.875000e-01,
1249,2.343750e-01,2.187500e-01,
1250,2.343750e-01,2.031250e-01,
1251,2.500000e-01,2.187500e-01,
1252,2.343750e-01,2.187500e-01,
1253,2.656250e-01,2.343750e-01,
1254,2.500000e-01,2.343750e-01,
1255,2.656250e-01,2.500000e-01,
1256,2.656250e-01,2.343750e-01,
1257,2.812500e-01,2.656250e-01,
1258,2.656250e-01,2.500000e-01,
1259,2.968750e-01,2.656250e-01,
1260,2.812500e-01,2.656250e-01,
1261,2.968750e-01,2.812500e-01,
1262,2.968750e-01,2.656250e-01,
1263,3.125000e-01,2.968750e-01,
1264,2.968750e-01,2.812500e-01,
1265,3.281250e-01,2.968750e-01,
1266,3.125000e-01,2.968750e-01,
1267,3.281250e-01,3.125000e-01,
1268,3.281250e-01,2.968750e-01,
1269,3.437500e-01,3.281250e-01,
1270,3.281250e-01,3.125000e-01,
1271,3.437500e-01,3.281250e-01,
1272,3.437500e-01,3.281250e-01,
1273,3.593750e-01,3.437500e-01,
1274,3.593750e-01,3.437500e-01,
1275,3.750000e-01,3.281250e-01,
1276,3.593750e-01,3.437500e-01,
1277,3.750000e-01,3.593750e-01,
1278,3.750000e-01,3.437500e-01,
1279,3.906250e-01,3.593750e-01,
1280,3.750000e-01,3.593750e-01,
1281,3.906250e-01,3.750000e-01,
1282,3.906250e-01,3.593750e-01,
1283,4.062500e-01,3.906250e-01,
1284,4.062500e-01,3.750000e-01,
1285,3.906250e-01,3.906250e-01,
1286,4.062500e-01,3.750000e-01,
1287,4.218750e-01,4.062500e-01,
1288,4.218750e-01,3.906250e-01,
1289,4.062500e-01,4.062500e-01,
1290,4.218750e-01,4.062500e-01,
1291,4.375000e-01,4.062500e-01,
1292,4.375000e-01,4.062500e-01,
1293,4.218750e-01,4.218750e-01,
1294,4.375000e-01,4.062500e-01,
1295,4.531250e-01,4.375000e-01,
1296,4.531250e-01,4.218750e-01,
1297,4.375000e-01,4.375000e-01,
1298,4.531250e-01,4.218750e-01,
1299,4.687500e-01,4.531250e-01,
1300,4.531250e-01,4.375000e-01,
1301,4.687500e-01,4.531250e-01,
1302,4.687500e-01,4.531250e-01,
1303,4.531250e-01,4.375000e-01,
1304,4.687500e-01,4.531250e-01,
1305,4.843750e-01,4.375000e-01,
1306,4.687500e-01,4.531250e-01,
1307,4.843750e-01,4.687500e-01,
1308,4.843750e-01,4.531250e-01,
1309,4.687500e-01,4.687500e-01,
1310,4.843750e-01,4.687500e-01,
1311,5.000000e-01,4.687500e-01,
1312,4.843750e-01,4.687500e-01,
1313,5.000000e-01,4.843750e-01,
1314,5.000000e-01,4.687500e-01,
1315,4.843750e-01,4.843750e-01,
1316,5.000000e-01,4.843750e-01,
1317,4.843750e-01,4.687500e-01,
1318,5.000000e-01,4.843750e-01,
1319,5.156250e-01,5.000000e-01,
1320,5.000000e-01,4.843750e-01,
1321,5.156250e-01,5.000000e-01,
1322,5.156250e-01,4.843750e-01,
1323,5.000000e-01,5.000000e-01,
1324,5.156250e-01,4.843750e-01,
1325,5.000000e-01,5.000000e-01,
1326,5.156250e-01,5.000000e-01,
1327,5.156250e-01,4.843750e-01,
1328,5.156250e-01,5.000000e-01,
1329,5.156250e-01,4.843750e-01,
1330,5.156250e-01,5.000000e-01,
1331,5.312500e-01,4.843750e-01,
1332,5.156250e-01,5.000000e-01,
1333,5.312500e-01,5.000000e-01,
1334,5.156250e-01,5.000000e-01,
1335,5.312500e-01,5.156250e-01,
1336,5.156250e-01,5.000000e-01,
1337,5.312500e-01,5.156250e-01,
1338,5.156250e-01,5.000000e-01,
1339,5.312500e-01,5.156250e-01,
1340,5.156250e-01,5.000000e-01,
1341,5.312500e-01,5.156250e-01,
1342,5.156250e-01,5.000000e-01,
1343,5.312500e-01,5.000000e-01,
1344,5.156250e-01,5.000000e-01,
1345,5.312500e-01,5.156250e-01,
1346,5.156250e-01,5.000000e-01,
1347,5.312500e-01,5.000000e-01,
1348,5.156250e-01,5.000000e-01,
1349,5.312500e-01,5.000000e-01,
1350,5.156250e-01,5.000000e-01,
1351,5.312500e-01,4.843750e-01,
1352,5.156250e-01,5.000000e-01,
1353,5.156250e-01,4.843750e-01,
1354,5.156250e-01,5.000000e-01,
1355,5.000000e-01,4.843750e-01,
1356,5.156250e-01,5.000000e-01,
1357,5.000000e-01,4.843750e-01,
1358,5.156250e-01,4.843750e-01,
1359,5.000000e-01,5.000000e-01,
1360,5.000000e-01,4.843750e-01,
1361,5.156250e-01,5.000000e-01,
1362,5.156250e-01,4.843750e-01,
1363,4.843750e-01,4.687500e-01,
1364,5.000000e-01,4.687500e-01,
1365,4.843750e-01,4.843750e-01,
1366,5.000000e-01,4.843750e-01,
1367,4.843750e-01,4.687500e-01,
1368,4.843750e-01,4.687500e-01,
1369,5.000000e-01,4.531250e-01,
1370,4.843750e-01,4.687500e-01,
1371,4.687500e-01,4.531250e-01,
1372,4.843750e-01,4.687500e-01,
1373,4.687500e-01,4.531250e-01,
1374,4.687500e-01,4.531250e-01,
1375,4.843750e-01,4.687500e-01,
1376,4.687500e-01,4.531250e-01,
1377,4.531250e-01,4.375000e-01,
1378,4.687500e-01,4.531250e-01,
1379,4.531250e-01,4.375000e-01,
1380,4.687500e-01,4.375000e-01,
1381,4.375000e-01,4.218750e-01,
1382,4.531250e-01,4.375000e-01,
1383,4.375000e-01,4.218750e-01,
1384,4.375000e-01,4.218750e-01,
1385,4.531250e-01,4.062500e-01,
1386,4.375000e-01,4.218750e-01,
1387,4.218750e-01,4.062500e-01,
1388,4.375000e-01,4.062500e-01,
1389,4.218750e-01,3.906250e-01,
1390,4.218750e-01,4.062500e-01,
1391,4.062500e-01,3.906250e-01,
1392,4.218750e-01,3.906250e-01,
1393,4.062500e-01,4.062500e-01,
1394,4.218750e-01,3.906250e-01,
1395,3.906250e-01,3.750000e-01,
1396,4.062500e-01,3.750000e-01,
1397,3.906250e-01,3.906250e-01,
1398,3.906250e-01,3.750000e-01,
1399,3.750000e-01,3.593750e-01,
